Date,Route,Vehicle,Hour,Passengers,Distance,Travel_Time,Fuel_Used,Fuel_Efficiency,Revenue,Passenger_Score,Revenue_Score,Fuel_Efficiency_Score,Travel_Time_Score,Vehicle_Performance_Score
2026-09-01,Thimi-Ratnapark,V004,6,35,12,41,3.6,3.333333333333333,2100,0.3076923076923077,0.31237721021611004,0.7555555555555553,0.59375,0.46397224426141415
2026-09-01,Ratnapark-Bhaktapur,V018,7,68,13,77,4.0,3.25,4420,0.8153846153846154,0.768172888015717,0.6516666666666668,0.03125,0.6426714176867664
2026-09-01,Sudhara-Kalanki,V014,8,73,11,58,3.9,2.8205128205128207,4015,0.8923076923076924,0.6886051080550099,0.11623931623931671,0.328125,0.5525524191686398
2026-09-01,Thimi-Ratnapark,V018,8,65,12,51,4.1,2.9268292682926833,3900,0.7692307692307693,0.6660117878192534,0.24878048780487874,0.4375,0.5583928890662265
2026-09-01,Jorpati-Ratnapark,V011,8,70,9,45,3.2,2.8125,3150,0.8461538461538461,0.518664047151277,0.10625000000000023,0.53125,0.515695367991537
2026-09-01,Koteshwor-Baneshwor,V014,9,59,8,43,2.8,2.857142857142857,2360,0.676923076923077,0.36345776031434185,0.16190476190476222,0.5625,0.43696544164741613
2026-09-01,Gongabu-Koteshwor,V005,9,62,10,44,3.3,3.0303030303030303,3100,0.7230769230769231,0.5088408644400786,0.37777777777777793,0.546875,0.546051030699545
2026-09-01,Ratnapark-Bhaktapur,V003,10,40,13,33,4.2,3.095238095238095,2600,0.38461538461538464,0.4106090373280943,0.4587301587301585,0.71875,0.4610623662655833
2026-09-01,Kirtipur-Ratnapark,V019,11,55,8,25,2.4,3.3333333333333335,2200,0.6153846153846154,0.3320235756385069,0.7555555555555559,0.84375,0.5996738461958256
2026-09-01,Lagankhel-Ratnapark,V009,12,41,6,22,1.9,3.1578947368421053,1230,0.4,0.14145383104125736,0.5368421052631581,0.890625,0.43024042562816667
2026-09-01,Koteshwor-Kalanki,V015,14,42,14,53,4.4,3.1818181818181817,2940,0.4153846153846154,0.4774066797642436,0.5666666666666667,0.40625,0.47044155521132436
2026-09-01,Kalanki-Ratnapark,V017,16,53,9,32,3.0,3.0,2385,0.5846153846153846,0.36836935166994106,0.3400000000000002,0.734375,0.4810516708855978
2026-09-01,Thimi-Ratnapark,V009,17,76,12,54,4.0,3.0,4560,0.9384615384615385,0.7956777996070727,0.3400000000000002,0.390625,0.6638355514205834
2026-09-01,Koteshwor-Baneshwor,V018,17,60,8,39,2.5,3.2,2400,0.6923076923076923,0.3713163064833006,0.5893333333333337,0.625,0.5601705329706312
2026-09-01,Koteshwor-Kalanki,V008,18,57,14,59,4.9,2.8571428571428568,3990,0.6461538461538462,0.6836935166994106,0.16190476190476166,0.3125,0.48630539933216743
2026-09-01,Kalanki-Ratnapark,V002,18,67,9,48,2.8,3.2142857142857144,3015,0.8,0.49214145383104124,0.6071428571428574,0.484375,0.6120844004350267
2026-09-01,Thimi-Ratnapark,V020,19,66,12,56,4.1,2.9268292682926833,3960,0.7846153846153846,0.6777996070726916,0.24878048780487874,0.359375,0.5548258694576426
2026-09-02,Ratnapark-Bhaktapur,V011,6,53,13,45,4.0,3.25,3445,0.5846153846153846,0.5766208251473477,0.6516666666666668,0.53125,0.5909750295954864
2026-09-02,Chabahil-Koteshwor,V008,7,73,7,29,2.1,3.333333333333333,2555,0.8923076923076924,0.4017681728880157,0.7555555555555553,0.78125,0.6942991484476012
2026-09-02,Gongabu-Koteshwor,V018,8,71,10,42,3.2,3.125,3550,0.8615384615384616,0.5972495088408645,0.4958333333333335,0.578125,0.6483134744471312
2026-09-02,Ratnapark-Bhaktapur,V002,8,56,13,55,3.9,3.3333333333333335,3640,0.6307692307692307,0.6149312377210217,0.7555555555555559,0.375,0.6188490294359648
2026-09-02,Kalanki-Ratnapark,V005,10,28,9,26,3.0,3.0,1260,0.2,0.14734774066797643,0.3400000000000002,0.828125,0.31342307220039295
2026-09-02,Thimi-Ratnapark,V012,11,51,12,37,3.7,3.243243243243243,3060,0.5538461538461539,0.5009823182711198,0.6432432432432431,0.65625,0.5756968524459929
2026-09-02,Jorpati-Ratnapark,V019,12,48,9,23,2.7,3.333333333333333,2160,0.5076923076923077,0.3241650294695481,0.7555555555555553,0.875,0.5696960900374456
2026-09-02,Koteshwor-Baneshwor,V017,13,21,8,20,2.4,3.3333333333333335,840,0.09230769230769231,0.06483300589390963,0.7555555555555559,0.921875,0.37431234834936955
2026-09-02,Koteshwor-Baneshwor,V014,16,42,8,26,2.8,2.857142857142857,1680,0.4153846153846154,0.22986247544204322,0.16190476190476222,0.828125,0.3582690677241881
2026-09-02,Sudhara-Kalanki,V001,16,49,11,43,3.9,2.8205128205128207,2695,0.5230769230769231,0.4292730844793713,0.11623931623931671,0.5625,0.3991398313267175
2026-09-02,Kalanki-Ratnapark,V009,17,61,9,43,3.1,2.903225806451613,2745,0.7076923076923077,0.43909626719056977,0.21935483870967776,0.5625,0.48325028214228266
2026-09-02,Sudhara-Kalanki,V009,18,65,11,63,3.6,3.0555555555555554,3575,0.7692307692307693,0.6021611001964636,0.4092592592592592,0.25,0.5512323756429846
2026-09-02,Kalanki-Ratnapark,V018,18,77,9,49,2.9,3.103448275862069,3465,0.9538461538461539,0.5805500982318271,0.46896551724137947,0.46875,0.6478727549337391
2026-09-02,Sudhara-Kalanki,V004,19,64,11,46,3.6,3.0555555555555554,3520,0.7538461538461538,0.5913555992141454,0.4092592592592592,0.515625,0.5832190907329047
2026-09-02,Sudhara-Kalanki,V009,20,18,11,30,3.3,3.3333333333333335,990,0.046153846153846156,0.09430255402750491,0.7555555555555559,0.765625,0.3458695589432943
2026-09-02,Gongabu-Koteshwor,V001,20,34,10,24,3.4,2.9411764705882355,1700,0.2923076923076923,0.2337917485265226,0.26666666666666716,0.859375,0.35340274891693124
2026-09-02,Gongabu-Koteshwor,V003,20,52,10,26,3.0,3.3333333333333335,2600,0.5692307692307692,0.4106090373280943,0.7555555555555559,0.828125,0.607059580856548
2026-09-03,Sudhara-Kalanki,V004,6,52,11,28,3.8,2.8947368421052633,2860,0.5692307692307692,0.46168958742632615,0.20877192982456177,0.796875,0.48100033945326903
2026-09-03,Thimi-Ratnapark,V004,7,78,12,62,4.2,2.857142857142857,4680,0.9692307692307692,0.8192534381139489,0.16190476190476222,0.265625,0.616865202679606
2026-09-03,Kirtipur-Ratnapark,V011,7,73,8,39,2.8,2.857142857142857,2920,0.8923076923076924,0.47347740667976423,0.16190476190476222,0.625,0.5439617201724275
2026-09-03,Sudhara-Kalanki,V006,7,71,11,63,3.5,3.142857142857143,3905,0.8615384615384616,0.6669941060903732,0.5180952380952382,0.25,0.6255835798124599
2026-09-03,Kalanki-Ratnapark,V007,8,69,9,50,2.8,3.2142857142857144,3105,0.8307692307692308,0.5098231827111984,0.6071428571428574,0.453125,0.6219321883298431
2026-09-03,Kalanki-Ratnapark,V010,8,56,9,42,3.0,3.0,2520,0.6307692307692307,0.3948919449901768,0.3400000000000002,0.578125,0.4794171027278223
2026-09-03,Ratnapark-Bhaktapur,V014,9,68,13,63,4.5,2.888888888888889,4420,0.8153846153846154,0.768172888015717,0.20148148148148165,0.25,0.5629376213904701
2026-09-03,Kalanki-Ratnapark,V017,9,66,9,37,3.1,2.903225806451613,2970,0.7846153846153846,0.48330058939096265,0.21935483870967776,0.65625,0.5336510018793236
2026-09-03,Kalanki-Ratnapark,V006,10,48,9,32,2.9,3.103448275862069,2160,0.5076923076923077,0.3241650294695481,0.46896551724137947,0.734375,0.4769548304589016
2026-09-03,Koteshwor-Kalanki,V006,10,42,14,48,4.8,2.916666666666667,2940,0.4153846153846154,0.4774066797642436,0.23611111111111172,0.484375,0.39952141632243565
2026-09-03,Kalanki-Ratnapark,V009,10,37,9,28,3.1,2.903225806451613,1665,0.3384615384615385,0.2269155206286837,0.21935483870967776,0.796875,0.3439830774044861
2026-09-03,Gongabu-Koteshwor,V010,11,53,10,28,3.2,3.125,2650,0.5846153846153846,0.4204322200392927,0.4958333333333335,0.796875,0.5450038647297366
2026-09-03,Ratnapark-Bhaktapur,V001,12,54,13,31,3.8,3.4210526315789473,3510,0.6,0.5893909626719057,0.8649122807017545,0.75,0.6855453589770104
2026-09-03,Jorpati-Ratnapark,V019,14,34,9,32,3.0,3.0,1530,0.2923076923076923,0.20039292730844793,0.3400000000000002,0.734375,0.3429664358848421
2026-09-03,Jorpati-Ratnapark,V008,15,20,9,25,2.8,3.2142857142857144,900,0.07692307692307693,0.07662082514734773,0.6071428571428574,0.84375,0.32441138490684174
2026-09-03,Jorpati-Ratnapark,V003,17,62,9,45,3.2,2.8125,2790,0.7230769230769231,0.44793713163064836,0.10625000000000023,0.53125,0.45755421641227145
2026-09-03,Gongabu-Koteshwor,V008,19,57,10,49,3.5,2.857142857142857,2850,0.6461538461538462,0.45972495088408644,0.16190476190476222,0.46875,0.44255232958757035
2026-09-04,Thimi-Ratnapark,V017,6,53,12,40,4.0,3.0,3180,0.5846153846153846,0.5245579567779961,0.3400000000000002,0.609375,0.5091582524180143
2026-09-04,Chabahil-Koteshwor,V002,6,26,7,20,2.2,3.1818181818181817,910,0.16923076923076924,0.07858546168958742,0.5666666666666667,0.921875,0.3542927859427737
2026-09-04,Koteshwor-Baneshwor,V014,6,39,8,21,2.5,3.2,1560,0.36923076923076925,0.206286836935167,0.5893333333333337,0.90625,0.45592611518311427
2026-09-04,Kalanki-Ratnapark,V008,6,30,9,28,2.8,3.2142857142857144,1350,0.23076923076923078,0.1650294695481336,0.6071428571428574,0.796875,0.39005657438092367
2026-09-04,Koteshwor-Baneshwor,V009,7,58,8,35,2.5,3.2,2320,0.6615384615384615,0.3555992141453831,0.5893333333333337,0.6875,0.5555996360384868
2026-09-04,Balkhu-Ratnapark,V010,8,72,6,27,2.0,3.0,2160,0.8769230769230769,0.3241650294695481,0.3400000000000002,0.8125,0.5672014319177875
2026-09-04,Chabahil-Koteshwor,V020,8,65,7,38,2.4,2.916666666666667,2275,0.7692307692307693,0.3467583497053045,0.23611111111111172,0.640625,0.4899182634586
2026-09-04,Koteshwor-Kalanki,V016,8,69,14,71,4.9,2.8571428571428568,4830,0.8307692307692308,0.8487229862475442,0.16190476190476166,0.125,0.5630738555812229
2026-09-04,Koteshwor-Baneshwor,V002,9,80,8,32,2.4,3.3333333333333335,3200,1.0,0.5284872298624754,0.7555555555555559,0.734375,0.7575913078476315
2026-09-04,Thimi-Ratnapark,V008,9,80,12,53,3.8,3.1578947368421053,4800,1.0,0.8428290766208252,0.5368421052631581,0.40625,0.7479967493020371
2026-09-04,Ratnapark-Bhaktapur,V009,9,71,13,65,4.7,2.7659574468085104,4615,0.8615384615384616,0.806483300589391,0.048226950354609895,0.21875,0.5452757662270082
2026-09-04,Chabahil-Koteshwor,V017,13,21,7,26,2.2,3.1818181818181817,735,0.09230769230769231,0.04420432220039293,0.5666666666666667,0.828125,0.3068390210190922
2026-09-04,Kirtipur-Ratnapark,V015,14,45,8,23,2.4,3.3333333333333335,1800,0.46153846153846156,0.25343811394891946,0.7555555555555559,0.875,0.5346318615351032
2026-09-04,Kirtipur-Ratnapark,V005,14,41,8,23,2.4,3.3333333333333335,1640,0.4,0.2220039292730845,0.7555555555555559,0.875,0.5067400676708143
2026-09-04,Balkhu-Ratnapark,V007,17,76,6,34,2.1,2.857142857142857,2280,0.9384615384615385,0.3477406679764244,0.16190476190476222,0.703125,0.5318056024075795
2026-09-04,Lagankhel-Ratnapark,V020,18,62,6,25,2.1,2.857142857142857,1860,0.7230769230769231,0.26522593320235754,0.16190476190476222,0.84375,0.46352954735997476
2026-09-04,Sudhara-Kalanki,V011,19,58,11,46,3.4,3.235294117647059,3190,0.6615384615384615,0.5265225933202358,0.6333333333333335,0.515625,0.5920953997909426
2026-09-05,Jorpati-Ratnapark,V009,6,31,9,27,3.1,2.903225806451613,1395,0.24615384615384617,0.1738703339882122,0.21935483870967776,0.8125,0.30272096372003693
2026-09-05,Kalanki-Ratnapark,V005,6,23,9,20,2.9,3.103448275862069,1035,0.12307692307692308,0.1031434184675835,0.46896551724137947,0.921875,0.32338873177369687
2026-09-05,Gongabu-Koteshwor,V013,8,52,10,41,3.5,2.857142857142857,2600,0.5692307692307692,0.4106090373280943,0.16190476190476222,0.59375,0.4234906324438496
2026-09-05,Ratnapark-Bhaktapur,V014,8,56,13,48,4.2,3.095238095238095,3640,0.6307692307692307,0.6149312377210217,0.4587301587301585,0.484375,0.5610489302296153
2026-09-05,Koteshwor-Kalanki,V018,8,40,14,62,4.8,2.916666666666667,2800,0.38461538461538464,0.449901768172888,0.23611111111111172,0.265625,0.3492266736142597
2026-09-05,Chabahil-Koteshwor,V014,9,53,7,33,2.1,3.333333333333333,1855,0.5846153846153846,0.2642436149312377,0.7555555555555553,0.71875,0.5513590887528755
2026-09-05,Sudhara-Kalanki,V001,9,42,11,49,3.7,2.972972972972973,2310,0.4153846153846154,0.35363457760314343,0.3063063063063063,0.46875,0.3775948344729042
2026-09-05,Thimi-Ratnapark,V007,10,15,12,27,4.1,2.9268292682926833,900,0.0,0.07662082514734773,0.24878048780487874,0.8125,0.207056369495424
2026-09-05,Ratnapark-Bhaktapur,V015,11,37,13,42,4.4,2.954545454545454,2405,0.3384615384615385,0.37229862475442044,0.28333333333333305,0.578125,0.37078013229812096
2026-09-05,Thimi-Ratnapark,V011,12,32,12,30,3.8,3.1578947368421053,1920,0.26153846153846155,0.2770137524557957,0.5368421052631581,0.765625,0.4106199405140667
2026-09-05,Chabahil-Koteshwor,V002,17,38,7,30,2.4,2.916666666666667,1330,0.35384615384615387,0.16110019646365423,0.23611111111111172,0.765625,0.32835543287072033
2026-09-05,Jorpati-Ratnapark,V011,17,40,9,36,2.8,3.2142857142857144,1800,0.38461538461538464,0.25343811394891946,0.6071428571428574,0.671875,0.44398301385500555
2026-09-05,Lagankhel-Ratnapark,V013,17,42,6,25,1.9,3.1578947368421053,1260,0.4153846153846154,0.14734774066797643,0.5368421052631581,0.84375,0.4295927331315671
2026-09-05,Kirtipur-Ratnapark,V006,17,44,8,35,2.7,2.962962962962963,1760,0.4461538461538462,0.2455795677799607,0.2938271604938272,0.6875,0.3841018143035988
2026-09-05,Balkhu-Ratnapark,V003,18,55,6,29,1.9,3.1578947368421053,1650,0.6153846153846154,0.22396856581532418,0.5368421052631581,0.78125,0.5032039806757714
2026-09-05,Lagankhel-Ratnapark,V020,20,17,6,17,2.0,3.0,510,0.03076923076923077,0.0,0.3400000000000002,0.96875,0.23954326923076927
2026-09-05,Thimi-Ratnapark,V017,20,26,12,27,4.1,2.9268292682926833,1560,0.16923076923076924,0.206286836935167,0.24878048780487874,0.8125,0.29672540380100054
2026-09-06,Gongabu-Koteshwor,V014,7,68,10,50,3.5,2.857142857142857,3400,0.8153846153846154,0.5677799607072691,0.16190476190476222,0.453125,0.5233943133037559
2026-09-06,Thimi-Ratnapark,V014,7,69,12,66,3.8,3.1578947368421053,4140,0.8307692307692308,0.7131630648330058,0.5368421052631581,0.203125,0.6278589649964605
2026-09-06,Koteshwor-Kalanki,V008,8,55,14,64,4.4,3.1818181818181817,3850,0.6153846153846154,0.656188605108055,0.5666666666666667,0.234375,0.5582948828144678
2026-09-06,Gongabu-Koteshwor,V015,9,62,10,42,3.1,3.225806451612903,3100,0.7230769230769231,0.5088408644400786,0.621505376344086,0.578125,0.6116704303411219
2026-09-06,Kalanki-Ratnapark,V009,9,72,9,52,2.8,3.2142857142857144,3240,0.8769230769230769,0.5363457760314342,0.6071428571428574,0.421875,0.6390476201720676
2026-09-06,Jorpati-Ratnapark,V017,11,53,9,28,2.7,3.333333333333333,2385,0.5846153846153846,0.36836935166994106,0.7555555555555553,0.796875,0.5943155597744866
2026-09-06,Balkhu-Ratnapark,V007,12,39,6,16,1.9,3.1578947368421053,1170,0.36923076923076925,0.12966601178781925,0.5368421052631581,0.984375,0.4315358106213661
2026-09-06,Jorpati-Ratnapark,V008,13,35,9,28,2.6,3.4615384615384612,1575,0.3076923076923077,0.20923379174852652,0.9153846153846151,0.796875,0.5034552336784041
2026-09-06,Gongabu-Koteshwor,V004,15,31,10,31,3.1,3.225806451612903,1550,0.24615384615384617,0.2043222003929273,0.621505376344086,0.75,0.40301915805005356
2026-09-06,Sudhara-Kalanki,V016,16,35,11,34,3.7,2.972972972972973,1925,0.3076923076923077,0.2779960707269155,0.3063063063063063,0.703125,0.3577518401023435
2026-09-06,Lagankhel-Ratnapark,V005,17,57,6,30,1.9,3.1578947368421053,1710,0.6461538461538462,0.2357563850687623,0.5368421052631581,0.765625,0.5136273456825721
2026-09-06,Balkhu-Ratnapark,V013,17,69,6,25,2.1,2.857142857142857,2070,0.8307692307692308,0.30648330058939094,0.16190476190476222,0.84375,0.5082144498837771
2026-09-06,Balkhu-Ratnapark,V008,17,79,6,24,1.8,3.333333333333333,2370,0.9846153846153847,0.3654223968565815,0.7555555555555553,0.859375,0.7228064733304786
2026-09-06,Balkhu-Ratnapark,V010,18,68,6,28,2.1,2.857142857142857,2040,0.8153846153846154,0.3005893909626719,0.16190476190476222,0.796875,0.4947996423803767
2026-09-06,Lagankhel-Ratnapark,V009,18,70,6,36,2.0,3.0,2100,0.8461538461538461,0.31237721021611004,0.3400000000000002,0.671875,0.533340566910987
2026-09-06,Kirtipur-Ratnapark,V001,19,79,8,37,2.6,3.0769230769230766,3160,0.9846153846153847,0.5206286836935167,0.43589743589743574,0.65625,0.6589850794670293
2026-09-06,Sudhara-Kalanki,V001,19,73,11,51,3.3,3.3333333333333335,4015,0.8923076923076924,0.6886051080550099,0.7555555555555559,0.4375,0.7287877289976996
2026-09-07,Chabahil-Koteshwor,V018,6,30,7,26,2.4,2.916666666666667,1050,0.23076923076923078,0.10609037328094302,0.23611111111111172,0.828125,0.28430440899283005
2026-09-07,Thimi-Ratnapark,V008,7,79,12,63,4.1,2.9268292682926833,4740,0.9846153846153847,0.831041257367387,0.24878048780487874,0.25,0.6443921145460512
2026-09-07,Gongabu-Koteshwor,V001,7,62,10,50,3.1,3.225806451612903,3100,0.7230769230769231,0.5088408644400786,0.621505376344086,0.453125,0.592920430341122
2026-09-07,Thimi-Ratnapark,V013,9,70,12,51,3.7,3.243243243243243,4200,0.8461538461538461,0.724950884086444,0.6432432432432431,0.4375,0.6977672298828979
2026-09-07,Kirtipur-Ratnapark,V018,9,77,8,39,2.5,3.2,3080,0.9538461538461539,0.5049115913555993,0.5893333333333337,0.625,0.6787106568938593
2026-09-07,Thimi-Ratnapark,V019,10,53,12,35,3.8,3.1578947368421053,3180,0.5846153846153846,0.5245579567779961,0.5368421052631581,0.6875,0.5700875287338038
2026-09-07,Gongabu-Koteshwor,V015,11,55,10,34,3.4,2.9411764705882355,2750,0.6153846153846154,0.4400785854616896,0.26666666666666716,0.703125,0.48877437692055825
2026-09-07,Chabahil-Koteshwor,V004,15,37,7,20,2.4,2.916666666666667,1295,0.3384615384615385,0.15422396856581533,0.23611111111111172,0.921875,0.34511467988598404
2026-09-07,Balkhu-Ratnapark,V006,16,25,6,16,1.8,3.333333333333333,750,0.15384615384615385,0.047151277013752456,0.7555555555555553,0.984375,0.3968443681468607
2026-09-07,Ratnapark-Bhaktapur,V017,17,55,13,55,4.5,2.888888888888889,3575,0.6153846153846154,0.6021611001964636,0.20148148148148165,0.375,0.47188408504469415
2026-09-07,Ratnapark-Bhaktapur,V019,18,66,13,62,4.4,2.954545454545454,4290,0.7846153846153846,0.7426326129666012,0.28333333333333305,0.265625,0.568851482607929
2026-09-07,Kalanki-Ratnapark,V012,18,65,9,47,3.0,3.0,2925,0.7692307692307693,0.47445972495088407,0.3400000000000002,0.5,0.533107148254496
2026-09-07,Gongabu-Koteshwor,V018,18,77,10,48,3.4,2.9411764705882355,3850,0.9538461538461539,0.656188605108055,0.26666666666666716,0.484375,0.6223333443529294
2026-09-07,Lagankhel-Ratnapark,V013,19,61,6,35,2.1,2.857142857142857,1830,0.7076923076923077,0.2593320235756385,0.16190476190476222,0.6875,0.4337084898565744
2026-09-07,Ratnapark-Bhaktapur,V009,19,62,13,57,4.3,3.0232558139534884,4030,0.7230769230769231,0.6915520628683693,0.36899224806201575,0.34375,0.5681992577990916
2026-09-07,Ratnapark-Bhaktapur,V014,20,47,13,35,4.1,3.1707317073170733,3055,0.49230769230769234,0.5,0.5528455284552849,0.6875,0.539028689806129
2026-09-07,Kirtipur-Ratnapark,V017,20,35,8,23,2.8,2.857142857142857,1400,0.3076923076923077,0.17485265225933203,0.16190476190476222,0.875,0.3164896784616825
2026-09-08,Kirtipur-Ratnapark,V015,7,62,8,33,2.8,2.857142857142857,2480,0.7230769230769231,0.38703339882121807,0.16190476190476222,0.71875,0.4813217870456329
2026-09-08,Kirtipur-Ratnapark,V006,8,78,8,39,2.7,2.962962962962963,3120,0.9692307692307692,0.5127701375245579,0.2938271604938272,0.625,0.6118070621500549
2026-09-08,Jorpati-Ratnapark,V020,8,71,9,45,3.2,2.8125,3195,0.8615384615384616,0.5275049115913556,0.10625000000000023,0.53125,0.5229630119389452
2026-09-08,Ratnapark-Bhaktapur,V006,8,72,13,75,3.9,3.3333333333333335,4680,0.8769230769230769,0.8192534381139489,0.7555555555555559,0.0625,0.7071168433999967
2026-09-08,Sudhara-Kalanki,V020,9,58,11,47,3.5,3.142857142857143,3190,0.6615384615384615,0.5265225933202358,0.5180952380952382,0.5,0.5609421259814187
2026-09-08,Balkhu-Ratnapark,V006,9,77,6,28,1.9,3.1578947368421053,2310,0.9538461538461539,0.35363457760314343,0.5368421052631581,0.796875,0.6459859957505787
2026-09-08,Koteshwor-Kalanki,V018,9,59,14,64,4.8,2.916666666666667,4130,0.676923076923077,0.7111984282907662,0.23611111111111172,0.234375,0.5106204793419309
2026-09-08,Gongabu-Koteshwor,V020,12,20,10,35,3.4,2.9411764705882355,1000,0.07692307692307693,0.0962671905697446,0.26666666666666716,0.6875,0.22174874691451324
2026-09-08,Ratnapark-Bhaktapur,V001,15,48,13,39,4.1,3.1707317073170733,3120,0.5076923076923077,0.5127701375245579,0.5528455284552849,0.625,0.5381001156788809
2026-09-08,Gongabu-Koteshwor,V003,15,21,10,36,3.4,2.9411764705882355,1050,0.09230769230769231,0.10609037328094302,0.26666666666666716,0.671875,0.2269673363432574
2026-09-08,Kalanki-Ratnapark,V004,17,65,9,51,3.0,3.0,2925,0.7692307692307693,0.47445972495088407,0.3400000000000002,0.4375,0.5237321482544961
2026-09-08,Thimi-Ratnapark,V019,17,61,12,59,4.0,3.0,3660,0.7076923076923077,0.618860510805501,0.3400000000000002,0.3125,0.5298408455493426
2026-09-08,Koteshwor-Kalanki,V009,19,70,14,79,4.3,3.255813953488372,4900,0.8461538461538461,0.862475442043222,0.6589147286821707,0.0,0.6773174686296631
2026-09-08,Kirtipur-Ratnapark,V004,19,61,8,37,2.5,3.2,2440,0.7076923076923077,0.3791748526522593,0.5893333333333337,0.65625,0.5718309814367035
2026-09-08,Thimi-Ratnapark,V005,19,59,12,70,3.8,3.1578947368421053,3540,0.676923076923077,0.5952848722986247,0.5368421052631581,0.140625,0.5369666610823001
2026-09-08,Chabahil-Koteshwor,V003,20,25,7,20,2.2,3.1818181818181817,875,0.15384615384615385,0.07170923379174853,0.5666666666666667,0.921875,0.34761453295803735
2026-09-08,Chabahil-Koteshwor,V019,20,37,7,20,2.1,3.333333333333333,1295,0.3384615384615385,0.15422396856581533,0.7555555555555553,0.921875,0.47497579099709497
2026-09-09,Ratnapark-Bhaktapur,V020,6,45,13,35,4.3,3.0232558139534884,2925,0.46153846153846156,0.47445972495088407,0.36899224806201575,0.6875,0.47617251796230764
2026-09-09,Kirtipur-Ratnapark,V016,7,75,8,37,2.5,3.2,3000,0.9230769230769231,0.48919449901768175,0.5893333333333337,0.65625,0.6694522599617149
2026-09-09,Koteshwor-Kalanki,V003,8,76,14,59,4.6,3.0434782608695654,5320,0.9384615384615385,0.9449901768172888,0.3942028985507251,0.3125,0.7104612392213294
2026-09-09,Lagankhel-Ratnapark,V002,8,66,6,27,2.0,3.0,1980,0.7846153846153846,0.2888015717092338,0.3400000000000002,0.8125,0.5289000868973855
2026-09-09,Gongabu-Koteshwor,V002,8,72,10,56,3.2,3.125,3600,0.8769230769230769,0.6070726915520629,0.4958333333333335,0.359375,0.6230633138758753
2026-09-09,Ratnapark-Bhaktapur,V016,9,65,13,67,4.0,3.25,4225,0.7692307692307693,0.7298624754420432,0.6516666666666668,0.1875,0.6407696400685103
2026-09-09,Koteshwor-Baneshwor,V011,10,49,8,27,2.8,2.857142857142857,1960,0.5230769230769231,0.28487229862475444,0.16190476190476222,0.8125,0.4047359569866938
2026-09-09,Sudhara-Kalanki,V002,12,38,11,38,3.3,3.3333333333333335,2090,0.35384615384615387,0.3104125736738703,0.7555555555555559,0.640625,0.4842602571448962
2026-09-09,Gongabu-Koteshwor,V008,12,27,10,32,3.5,2.857142857142857,1350,0.18461538461538463,0.1650294695481336,0.16190476190476222,0.734375,0.255525896725246
2026-09-09,Kirtipur-Ratnapark,V010,13,35,8,25,2.6,3.0769230769230766,1400,0.3076923076923077,0.17485265225933203,0.43589743589743574,0.84375,0.3803003469598508
2026-09-09,Koteshwor-Baneshwor,V010,14,53,8,25,2.4,3.3333333333333335,2120,0.5846153846153846,0.3163064833005894,0.7555555555555559,0.84375,0.5857279492636812
2026-09-09,Koteshwor-Kalanki,V009,15,29,14,43,4.6,3.0434782608695654,2030,0.2153846153846154,0.29862475442043224,0.3942028985507251,0.5625,0.33712853557919553
2026-09-09,Gongabu-Koteshwor,V010,17,63,10,48,3.3,3.0303030303030303,3150,0.7384615384615385,0.518664047151277,0.37777777777777793,0.484375,0.5442383701282891
2026-09-09,Chabahil-Koteshwor,V020,18,73,7,29,2.3,3.0434782608695654,2555,0.8923076923076924,0.4017681728880157,0.3942028985507251,0.78125,0.6039609841963937
2026-09-09,Lagankhel-Ratnapark,V017,18,55,6,27,2.0,3.0,1650,0.6153846153846154,0.22396856581532418,0.3400000000000002,0.8125,0.45868095435998196
2026-09-09,Ratnapark-Bhaktapur,V015,19,75,13,55,4.2,3.095238095238095,4875,0.9230769230769231,0.8575638506876228,0.4587301587301585,0.375,0.7051247718119034
2026-09-09,Chabahil-Koteshwor,V006,20,45,7,20,2.2,3.1818181818181817,1575,0.46153846153846156,0.20923379174852652,0.5666666666666667,0.921875,0.4811795926527631
2026-09-10,Gongabu-Koteshwor,V018,6,22,10,35,3.4,2.9411764705882355,1100,0.1076923076923077,0.11591355599214145,0.26666666666666716,0.6875,0.23687342577200152
2026-09-10,Jorpati-Ratnapark,V006,8,57,9,41,2.9,3.103448275862069,2565,0.6461538461538462,0.4037328094302554,0.46896551724137947,0.59375,0.5212698759855754
2026-09-10,Balkhu-Ratnapark,V017,9,55,6,32,1.9,3.1578947368421053,1650,0.6153846153846154,0.22396856581532418,0.5368421052631581,0.734375,0.49617273067577145
2026-09-10,Gongabu-Koteshwor,V012,9,79,10,47,3.3,3.0303030303030303,3950,0.9846153846153847,0.6758349705304518,0.37777777777777793,0.5,0.6675795509881953
2026-09-10,Lagankhel-Ratnapark,V002,9,70,6,27,2.1,2.857142857142857,2100,0.8461538461538461,0.31237721021611004,0.16190476190476222,0.8125,0.5099105073871774
2026-09-10,Koteshwor-Kalanki,V010,9,68,14,78,4.7,2.978723404255319,4760,0.8153846153846154,0.8349705304518664,0.3134751773049646,0.015625,0.5758190880771856
2026-09-10,Koteshwor-Kalanki,V005,10,27,14,53,4.8,2.916666666666667,1890,0.18461538461538463,0.27111984282907664,0.23611111111111172,0.40625,0.25668584601111627
2026-09-10,Thimi-Ratnapark,V018,10,38,12,34,4.1,2.9268292682926833,2280,0.35384615384615387,0.3477406679764244,0.24878048780487874,0.703125,0.37813991849799317
2026-09-10,Kirtipur-Ratnapark,V004,11,37,8,20,2.3,3.4782608695652177,1480,0.3384615384615385,0.1905697445972495,0.9362318840579715,0.921875,0.5310486059321293
2026-09-10,Lagankhel-Ratnapark,V005,13,20,6,22,2.1,2.857142857142857,600,0.07692307692307693,0.01768172888015717,0.16190476190476222,0.890625,0.20245138221716077
2026-09-10,Thimi-Ratnapark,V008,13,55,12,44,3.9,3.076923076923077,3300,0.6153846153846154,0.5481335952848723,0.4358974358974363,0.546875,0.5400610721752054
2026-09-10,Chabahil-Koteshwor,V011,16,43,7,20,2.4,2.916666666666667,1505,0.4307692307692308,0.19548133595284872,0.23611111111111172,0.921875,0.3851841977944018
2026-09-10,Chabahil-Koteshwor,V008,18,68,7,28,2.4,2.916666666666667,2380,0.8153846153846154,0.36738703339882123,0.23611111111111172,0.796875,0.5333905224128088
2026-09-10,Sudhara-Kalanki,V005,19,63,11,48,3.8,2.8947368421052633,3465,0.7384615384615385,0.5805500982318271,0.20877192982456177,0.484375,0.5205527234641502
2026-09-10,Balkhu-Ratnapark,V004,19,69,6,34,2.1,2.857142857142857,2070,0.8307692307692308,0.30648330058939094,0.16190476190476222,0.703125,0.48712069988377704
2026-09-10,Jorpati-Ratnapark,V019,20,49,9,23,2.9,3.103448275862069,2205,0.5230769230769231,0.3330058939096267,0.46896551724137947,0.875,0.5053162244063097
2026-09-10,Balkhu-Ratnapark,V007,20,33,6,17,1.8,3.333333333333333,990,0.27692307692307694,0.09430255402750491,0.7555555555555553,0.96875,0.4455690781740633
2026-09-11,Kirtipur-Ratnapark,V010,6,43,8,27,2.6,3.0769230769230766,1720,0.4307692307692308,0.23772102161100198,0.43589743589743574,0.8125,0.43139643468842875
2026-09-11,Lagankhel-Ratnapark,V016,7,67,6,28,2.0,3.0,2010,0.8,0.29469548133595286,0.3400000000000002,0.796875,0.5329398944007859
2026-09-11,Thimi-Ratnapark,V012,7,62,12,58,4.0,3.0,3720,0.7230769230769231,0.630648330058939,0.3400000000000002,0.328125,0.5403363259407586
2026-09-11,Chabahil-Koteshwor,V015,8,55,7,29,2.3,3.0434782608695654,1925,0.6153846153846154,0.2779960707269155,0.3942028985507251,0.78125,0.4837524304711405
2026-09-11,Chabahil-Koteshwor,V018,8,69,7,29,2.5,2.8,2415,0.8307692307692308,0.3742632612966601,0.09066666666666669,0.78125,0.5013639142864339
2026-09-11,Lagankhel-Ratnapark,V006,8,80,6,28,2.1,2.857142857142857,2400,1.0,0.3713163064833006,0.16190476190476222,0.796875,0.5714023324211808
2026-09-11,Lagankhel-Ratnapark,V018,10,43,6,24,2.0,3.0,1290,0.4307692307692308,0.15324165029469547,0.3400000000000002,0.859375,0.38910951431917795
2026-09-11,Chabahil-Koteshwor,V008,16,40,7,24,2.1,3.333333333333333,1400,0.38461538461538464,0.17485265225933203,0.7555555555555553,0.859375,0.4856355499513038
2026-09-11,Chabahil-Koteshwor,V005,16,20,7,23,2.2,3.1818181818181817,700,0.07692307692307693,0.03732809430255403,0.5666666666666667,0.875,0.3071920180343559
2026-09-11,Chabahil-Koteshwor,V014,17,69,7,30,2.2,3.1818181818181817,2415,0.8307692307692308,0.3742632612966601,0.5666666666666667,0.765625,0.6180201642864339
2026-09-11,Jorpati-Ratnapark,V012,17,57,9,37,2.8,3.2142857142857144,2565,0.6461538461538462,0.4037328094302554,0.6071428571428574,0.65625,0.5651892109609449
2026-09-11,Gongabu-Koteshwor,V012,17,76,10,53,3.2,3.125,3800,0.9384615384615385,0.6463654223968566,0.4958333333333335,0.40625,0.6603439215908519
2026-09-11,Gongabu-Koteshwor,V010,18,65,10,43,3.3,3.0303030303030303,3250,0.7692307692307693,0.5383104125736738,0.37777777777777793,0.5625,0.5710817989857775
2026-09-11,Ratnapark-Bhaktapur,V005,18,62,13,55,4.4,2.954545454545454,4030,0.7230769230769231,0.6915520628683693,0.28333333333333305,0.375,0.551472029116921
2026-09-11,Thimi-Ratnapark,V002,19,78,12,58,4.2,2.857142857142857,4680,0.9692307692307692,0.8192534381139489,0.16190476190476222,0.328125,0.626240202679606
2026-09-11,Sudhara-Kalanki,V017,19,60,11,58,3.9,2.8205128205128207,3300,0.6923076923076923,0.5481335952848723,0.11623931623931671,0.328125,0.4504109653375985
2026-09-11,Sudhara-Kalanki,V011,19,62,11,50,3.7,2.972972972972973,3410,0.7230769230769231,0.5697445972495089,0.3063063063063063,0.453125,0.5323917826745062
2026-09-12,Lagankhel-Ratnapark,V009,6,28,6,19,1.9,3.1578947368421053,840,0.2,0.06483300589390963,0.5368421052631581,0.9375,0.3542854280839624
2026-09-12,Chabahil-Koteshwor,V016,7,43,7,26,2.1,3.333333333333333,1505,0.4307692307692308,0.19548133595284872,0.7555555555555553,0.828125,0.5009828089055126
2026-09-12,Kalanki-Ratnapark,V012,7,53,9,41,3.2,2.8125,2385,0.5846153846153846,0.36836935166994106,0.10625000000000023,0.59375,0.40152042088559775
2026-09-12,Thimi-Ratnapark,V012,7,44,12,60,3.7,3.243243243243243,2640,0.4461538461538462,0.41846758349705304,0.6432432432432431,0.296875,0.46472848970608055
2026-09-12,Lagankhel-Ratnapark,V017,7,39,6,26,2.1,2.857142857142857,1170,0.36923076923076925,0.12966601178781925,0.16190476190476222,0.828125,0.3143639747817671
2026-09-12,Sudhara-Kalanki,V019,7,49,11,54,3.7,2.972972972972973,2695,0.5230769230769231,0.4292730844793713,0.3063063063063063,0.390625,0.4208753288434649
2026-09-12,Koteshwor-Kalanki,V011,8,41,14,55,4.3,3.255813953488372,2870,0.4,0.4636542239685658,0.6589147286821707,0.375,0.4800749493611125
2026-09-12,Jorpati-Ratnapark,V001,9,41,9,33,2.9,3.103448275862069,1845,0.4,0.26227897838899805,0.46896551724137947,0.71875,0.4237375728270443
2026-09-12,Kalanki-Ratnapark,V019,9,42,9,43,2.8,3.2142857142857144,1890,0.4153846153846154,0.27111984282907664,0.6071428571428574,0.5625,0.44211205174982193
2026-09-12,Kirtipur-Ratnapark,V017,9,52,8,29,2.4,3.3333333333333335,2080,0.5692307692307692,0.30844793713163066,0.7555555555555559,0.78125,0.569380000797609
2026-09-12,Gongabu-Koteshwor,V013,11,16,10,27,3.5,2.857142857142857,800,0.015384615384615385,0.05697445972495088,0.16190476190476222,0.8125,0.18405891300906044
2026-09-12,Sudhara-Kalanki,V007,16,22,11,33,3.3,3.3333333333333335,1210,0.1076923076923077,0.137524557956778,0.7555555555555559,0.71875,0.3702664485836147
2026-09-12,Gongabu-Koteshwor,V010,17,40,10,51,3.6,2.7777777777777777,2000,0.38461538461538464,0.29273084479371314,0.06296296296296308,0.4375,0.2845696095634701
2026-09-12,Gongabu-Koteshwor,V012,17,54,10,40,3.3,3.0303030303030303,2700,0.6,0.4302554027504912,0.37777777777777793,0.609375,0.49492731526959177
2026-09-12,Gongabu-Koteshwor,V003,17,52,10,41,3.5,2.857142857142857,2600,0.5692307692307692,0.4106090373280943,0.16190476190476222,0.59375,0.4234906324438496
2026-09-12,Koteshwor-Baneshwor,V004,17,38,8,41,2.6,3.0769230769230766,1520,0.35384615384615387,0.19842829076620824,0.43589743589743574,0.59375,0.36371919235806754
2026-09-12,Jorpati-Ratnapark,V005,19,52,9,47,3.0,3.0,2340,0.5692307692307692,0.35952848722986247,0.3400000000000002,0.5,0.4386277769381896
2026-09-13,Kirtipur-Ratnapark,V009,6,35,8,22,2.5,3.2,1400,0.3076923076923077,0.17485265225933203,0.5893333333333337,0.890625,0.4256905713188254
2026-09-13,Balkhu-Ratnapark,V012,6,27,6,17,1.9,3.1578947368421053,810,0.18461538461538463,0.05893909626719057,0.5368421052631581,0.96875,0.35258937058056206
2026-09-13,Gongabu-Koteshwor,V003,7,57,10,57,3.1,3.225806451612903,2850,0.6461538461538462,0.45972495088408644,0.621505376344086,0.34375,0.5387024831974012
2026-09-13,Sudhara-Kalanki,V012,7,63,11,51,3.8,2.8947368421052633,3465,0.7384615384615385,0.5805500982318271,0.20877192982456177,0.4375,0.5135214734641501
2026-09-13,Koteshwor-Baneshwor,V001,7,71,8,43,2.6,3.0769230769230766,2840,0.8615384615384616,0.4577603143418468,0.43589743589743574,0.5625,0.5891389917384514
2026-09-13,Ratnapark-Bhaktapur,V003,9,59,13,76,4.2,3.095238095238095,3835,0.676923076923077,0.6532416502946955,0.4587301587301585,0.046875,0.5207632078478713
2026-09-13,Balkhu-Ratnapark,V006,10,38,6,16,1.9,3.1578947368421053,1140,0.35384615384615387,0.1237721021611002,0.5368421052631581,0.984375,0.42515225311796573
2026-09-13,Chabahil-Koteshwor,V015,13,45,7,26,2.4,2.916666666666667,1575,0.46153846153846156,0.20923379174852652,0.23611111111111172,0.828125,0.38447820376387437
2026-09-13,Thimi-Ratnapark,V019,14,38,12,38,3.9,3.076923076923077,2280,0.35384615384615387,0.3477406679764244,0.4358974358974363,0.640625,0.41554415552113255
2026-09-13,Sudhara-Kalanki,V020,16,53,11,43,3.9,2.8205128205128207,2915,0.5846153846153846,0.4724950884086444,0.11623931623931671,0.5625,0.43056797096703786
2026-09-13,Thimi-Ratnapark,V018,17,61,12,59,4.2,2.857142857142857,3660,0.7076923076923077,0.618860510805501,0.16190476190476222,0.3125,0.4853170360255331
2026-09-13,Lagankhel-Ratnapark,V011,17,66,6,24,2.0,3.0,1980,0.7846153846153846,0.2888015717092338,0.3400000000000002,0.859375,0.5359313368973856
2026-09-13,Sudhara-Kalanki,V011,17,68,11,56,3.7,2.972972972972973,3740,0.8153846153846154,0.6345776031434185,0.3063063063063063,0.359375,0.5654714921349868
2026-09-13,Kalanki-Ratnapark,V005,17,62,9,38,2.9,3.103448275862069,2790,0.7230769230769231,0.44793713163064836,0.46896551724137947,0.640625,0.5646393457226162
2026-09-13,Lagankhel-Ratnapark,V011,18,67,6,30,1.8,3.333333333333333,2010,0.8,0.29469548133595286,0.7555555555555553,0.765625,0.6321412832896748
2026-09-13,Kirtipur-Ratnapark,V012,18,72,8,47,2.9,2.7586206896551726,2880,0.8769230769230769,0.4656188605108055,0.03908045977011542,0.5,0.4875326961726935
2026-09-13,Lagankhel-Ratnapark,V002,20,37,6,19,2.0,3.0,1110,0.3384615384615385,0.11787819253438114,0.3400000000000002,0.9375,0.3625269192987759
2026-09-14,Jorpati-Ratnapark,V002,6,37,9,22,3.0,3.0,1665,0.3384615384615385,0.2269155206286837,0.3400000000000002,0.890625,0.3882068677270667
2026-09-14,Kalanki-Ratnapark,V017,7,68,9,51,3.1,2.903225806451613,3060,0.8153846153846154,0.5009823182711198,0.21935483870967776,0.4375,0.5153737897741401
2026-09-14,Gongabu-Koteshwor,V012,7,58,10,53,3.4,2.9411764705882355,2900,0.6615384615384615,0.46954813359528486,0.26666666666666716,0.40625,0.46693014520679066
2026-09-14,Ratnapark-Bhaktapur,V002,8,79,13,60,4.4,2.954545454545454,5135,0.9846153846153847,0.9086444007858546,0.28333333333333305,0.296875,0.6833425189537051
2026-09-14,Koteshwor-Baneshwor,V009,8,74,8,45,2.8,2.857142857142857,2960,0.9076923076923077,0.481335952848723,0.16190476190476222,0.53125,0.5368721686384997
2026-09-14,Chabahil-Koteshwor,V010,9,55,7,34,2.3,3.0434782608695654,1925,0.6153846153846154,0.2779960707269155,0.3942028985507251,0.703125,0.4720336804711405
2026-09-14,Balkhu-Ratnapark,V003,10,20,6,19,1.9,3.1578947368421053,600,0.07692307692307693,0.01768172888015717,0.5368421052631581,0.9375,0.3032169680567598
2026-09-14,Chabahil-Koteshwor,V004,10,38,7,25,2.5,2.8,1330,0.35384615384615387,0.16110019646365423,0.09066666666666669,0.84375,0.30371307175960904
2026-09-14,Sudhara-Kalanki,V003,10,37,11,29,3.3,3.3333333333333335,2035,0.3384615384615385,0.29960707269155207,0.7555555555555559,0.78125,0.49749697223481615
2026-09-14,Koteshwor-Baneshwor,V003,13,25,8,24,2.4,3.3333333333333335,1000,0.15384615384615385,0.0962671905697446,0.7555555555555559,0.859375,0.3928291422136585
2026-09-14,Jorpati-Ratnapark,V016,14,37,9,35,2.9,3.103448275862069,1665,0.3384615384615385,0.2269155206286837,0.46896551724137947,0.6875,0.3899794970374115
2026-09-14,Koteshwor-Baneshwor,V013,14,32,8,24,2.7,2.962962962962963,1280,0.26153846153846155,0.1512770137524558,0.2938271604938272,0.859375,0.32620768271073197
2026-09-14,Ratnapark-Bhaktapur,V011,15,54,13,41,4.3,3.0232558139534884,3510,0.6,0.5893909626719057,0.36899224806201575,0.59375,0.5381278508170757
2026-09-14,Chabahil-Koteshwor,V015,17,70,7,32,2.3,3.0434782608695654,2450,0.8461538461538461,0.381139489194499,0.3942028985507251,0.734375,0.5768949752421848
2026-09-14,Balkhu-Ratnapark,V012,17,75,6,26,1.9,3.1578947368421053,2250,0.9230769230769231,0.3418467583497053,0.5368421052631581,0.828125,0.6379063807437781
2026-09-14,Jorpati-Ratnapark,V015,17,73,9,41,3.2,2.8125,3285,0.8923076923076924,0.5451866404715128,0.10625000000000023,0.59375,0.5468732998337615
2026-09-14,Ratnapark-Bhaktapur,V006,20,49,13,40,4.2,3.095238095238095,3185,0.5230769230769231,0.5255402750491159,0.4587301587301585,0.609375,0.5206739491203513
2026-09-15,Balkhu-Ratnapark,V011,7,57,6,29,2.0,3.0,1710,0.6461538461538462,0.2357563850687623,0.3400000000000002,0.78125,0.46676056936678256
2026-09-15,Chabahil-Koteshwor,V019,7,71,7,40,2.3,3.0434782608695654,2485,0.8615384615384616,0.3880157170923379,0.3942028985507251,0.609375,0.5648232282269211
2026-09-15,Gongabu-Koteshwor,V017,7,56,10,49,3.5,2.857142857142857,2800,0.6307692307692307,0.449901768172888,0.16190476190476222,0.46875,0.4349899901588262
2026-09-15,Thimi-Ratnapark,V011,7,58,12,56,3.9,3.076923076923077,3480,0.6615384615384615,0.5834970530451866,0.4358974358974363,0.359375,0.5363912633494535
2026-09-15,Kirtipur-Ratnapark,V017,7,76,8,40,2.6,3.0769230769230766,3040,0.9384615384615385,0.49705304518664045,0.43589743589743574,0.609375,0.6310349840688126
2026-09-15,Balkhu-Ratnapark,V010,8,61,6,31,2.1,2.857142857142857,1830,0.7076923076923077,0.2593320235756385,0.16190476190476222,0.75,0.4430834898565744
2026-09-15,Koteshwor-Kalanki,V002,10,36,14,53,4.9,2.8571428571428568,2520,0.3230769230769231,0.3948919449901768,0.16190476190476166,0.40625,0.31680435089632036
2026-09-15,Kirtipur-Ratnapark,V002,12,54,8,22,2.5,3.2,2160,0.6,0.3241650294695481,0.5893333333333337,0.890625,0.5581765921741978
2026-09-15,Balkhu-Ratnapark,V003,13,29,6,23,2.0,3.0,870,0.2153846153846154,0.07072691552062868,0.3400000000000002,0.875,0.3020834592715733
2026-09-15,Gongabu-Koteshwor,V017,14,28,10,32,3.5,2.857142857142857,1400,0.2,0.17485265225933203,0.16190476190476222,0.734375,0.2630882361539902
2026-09-15,Ratnapark-Bhaktapur,V010,15,39,13,34,4.3,3.0232558139534884,2535,0.36923076923076925,0.39783889980353637,0.36899224806201575,0.703125,0.4278377127257956
2026-09-15,Ratnapark-Bhaktapur,V020,16,42,13,40,4.2,3.095238095238095,2730,0.4153846153846154,0.4361493123772102,0.4587301587301585,0.609375,0.46154896801108725
2026-09-15,Lagankhel-Ratnapark,V014,18,76,6,28,2.1,2.857142857142857,2280,0.9384615384615385,0.3477406679764244,0.16190476190476222,0.796875,0.5458681024075794
2026-09-15,Ratnapark-Bhaktapur,V017,18,78,13,54,3.9,3.3333333333333335,5070,0.9692307692307692,0.8958742632612967,0.7555555555555559,0.390625,0.8070141486365088
2026-09-15,Chabahil-Koteshwor,V020,19,65,7,40,2.4,2.916666666666667,2275,0.7692307692307693,0.3467583497053045,0.23611111111111172,0.609375,0.48523076345860006
2026-09-15,Balkhu-Ratnapark,V010,20,43,6,22,2.0,3.0,1290,0.4307692307692308,0.15324165029469547,0.3400000000000002,0.890625,0.3937970143191779
2026-09-15,Kalanki-Ratnapark,V008,20,27,9,34,3.1,2.903225806451613,1215,0.18461538461538463,0.13850687622789784,0.21935483870967776,0.703125,0.2572441379304042
2026-09-16,Balkhu-Ratnapark,V020,7,67,6,33,1.9,3.1578947368421053,2010,0.8,0.29469548133595286,0.5368421052631581,0.71875,0.5704316707165754
2026-09-16,Sudhara-Kalanki,V014,7,64,11,59,3.4,3.235294117647059,3520,0.7538461538461538,0.5913555992141454,0.6333333333333335,0.3125,0.6087688592514231
2026-09-16,Kalanki-Ratnapark,V018,8,80,9,39,3.2,2.8125,3600,1.0,0.6070726915520629,0.10625000000000023,0.625,0.6024343074656189
2026-09-16,Ratnapark-Bhaktapur,V001,8,59,13,61,4.5,2.888888888888889,3835,0.676923076923077,0.6532416502946955,0.20148148148148165,0.28125,0.49160728853570207
2026-09-16,Balkhu-Ratnapark,V008,10,23,6,19,1.8,3.333333333333333,690,0.12307692307692308,0.03536345776031434,0.7555555555555553,0.9375,0.3770460031400601
2026-09-16,Koteshwor-Baneshwor,V009,12,50,8,29,2.6,3.0769230769230766,2000,0.5384615384615384,0.29273084479371314,0.43589743589743574,0.78125,0.47551957395093436
2026-09-16,Chabahil-Koteshwor,V013,13,44,7,17,2.4,2.916666666666667,1540,0.4461538461538462,0.20235756385068762,0.23611111111111172,0.96875,0.398893700779138
2026-09-16,Gongabu-Koteshwor,V020,14,50,10,29,3.3,3.0303030303030303,2500,0.5384615384615384,0.39096267190569745,0.37777777777777793,0.78125,0.49045920755461525
2026-09-16,Kalanki-Ratnapark,V012,17,73,9,36,2.9,3.103448275862069,3285,0.8923076923076924,0.5451866404715128,0.46896551724137947,0.671875,0.6492709291441064
2026-09-16,Sudhara-Kalanki,V004,17,71,11,46,3.5,3.142857142857143,3905,0.8615384615384616,0.6669941060903732,0.5180952380952382,0.515625,0.66542732981246
2026-09-16,Kalanki-Ratnapark,V014,17,74,9,44,2.8,3.2142857142857144,3330,0.9076923076923077,0.5540275049115914,0.6071428571428574,0.546875,0.6723329080668841
2026-09-16,Kirtipur-Ratnapark,V020,18,60,8,35,2.4,3.3333333333333335,2400,0.6923076923076923,0.3713163064833006,0.7555555555555559,0.6875,0.6111010885261868
2026-09-16,Ratnapark-Bhaktapur,V011,18,59,13,77,4.7,2.7659574468085104,3835,0.676923076923077,0.6532416502946955,0.048226950354609895,0.03125,0.4157936557539842
2026-09-16,Gongabu-Koteshwor,V005,18,70,10,49,3.0,3.3333333333333335,3500,0.8461538461538461,0.587426326129666,0.7555555555555559,0.46875,0.6892754405739426
2026-09-16,Jorpati-Ratnapark,V005,19,56,9,41,3.2,2.8125,2520,0.6307692307692307,0.3948919449901768,0.10625000000000023,0.59375,0.4233233527278223
2026-09-16,Kalanki-Ratnapark,V015,19,55,9,45,2.9,3.103448275862069,2475,0.6153846153846154,0.38605108055009824,0.46896551724137947,0.53125,0.497359588090759
2026-09-16,Balkhu-Ratnapark,V008,20,36,6,16,2.0,3.0,1080,0.3230769230769231,0.11198428290766209,0.3400000000000002,0.984375,0.3631746117953756
2026-09-17,Chabahil-Koteshwor,V014,6,40,7,24,2.2,3.1818181818181817,1400,0.38461538461538464,0.17485265225933203,0.5666666666666667,0.859375,0.43841332772908165
2026-09-17,Thimi-Ratnapark,V002,7,75,12,60,4.0,3.0,4500,0.9230769230769231,0.7838899803536346,0.3400000000000002,0.296875,0.6416213210291674
2026-09-17,Lagankhel-Ratnapark,V012,8,55,6,31,1.8,3.333333333333333,1650,0.6153846153846154,0.22396856581532418,0.7555555555555553,0.75,0.5531948432488707
2026-09-17,Balkhu-Ratnapark,V018,9,75,6,33,2.1,2.857142857142857,2250,0.9230769230769231,0.3418467583497053,0.16190476190476222,0.71875,0.5277657949041791
2026-09-17,Gongabu-Koteshwor,V002,9,56,10,43,3.5,2.857142857142857,2800,0.6307692307692307,0.449901768172888,0.16190476190476222,0.5625,0.4490524901588262
2026-09-17,Thimi-Ratnapark,V007,9,79,12,70,4.1,2.9268292682926833,4740,0.9846153846153847,0.831041257367387,0.24878048780487874,0.140625,0.6279858645460512
2026-09-17,Koteshwor-Baneshwor,V018,9,58,8,46,2.7,2.962962962962963,2320,0.6615384615384615,0.3555992141453831,0.2938271604938272,0.515625,0.45594184282861017
2026-09-17,Balkhu-Ratnapark,V010,13,52,6,18,1.8,3.333333333333333,1560,0.5692307692307692,0.206286836935167,0.7555555555555553,0.953125,0.5645129207386697
2026-09-17,Thimi-Ratnapark,V003,14,41,12,46,3.9,3.076923076923077,2460,0.4,0.3831041257367387,0.4358974358974363,0.515625,0.42124934669538067
2026-09-17,Sudhara-Kalanki,V017,15,42,11,28,3.2,3.4375,2310,0.4153846153846154,0.35363457760314343,0.8854166666666669,0.796875,0.5715911745629944
2026-09-17,Gongabu-Koteshwor,V016,16,26,10,38,3.4,2.9411764705882355,1300,0.16923076923076924,0.15520628683693516,0.26666666666666716,0.640625,0.2600915334869781
2026-09-17,Chabahil-Koteshwor,V015,16,45,7,25,2.2,3.1818181818181817,1575,0.46153846153846156,0.20923379174852652,0.5666666666666667,0.84375,0.4694608426527631
2026-09-17,Gongabu-Koteshwor,V002,17,66,10,46,3.2,3.125,3300,0.7846153846153846,0.5481335952848723,0.4958333333333335,0.515625,0.6011267773034105
2026-09-17,Kalanki-Ratnapark,V004,18,78,9,39,2.7,3.333333333333333,3510,0.9692307692307692,0.5893909626719057,0.7555555555555553,0.625,0.7502254084596913
2026-09-17,Chabahil-Koteshwor,V004,18,68,7,29,2.4,2.916666666666667,2380,0.8153846153846154,0.36738703339882123,0.23611111111111172,0.78125,0.5310467724128088
2026-09-17,Sudhara-Kalanki,V009,18,78,11,54,3.6,3.0555555555555554,4290,0.9692307692307692,0.7426326129666012,0.4092592592592592,0.390625,0.674467579474026
2026-09-17,Lagankhel-Ratnapark,V011,20,49,6,16,1.9,3.1578947368421053,1470,0.5230769230769231,0.18860510805500982,0.5368421052631581,0.984375,0.49537138565536937
2026-09-18,Lagankhel-Ratnapark,V019,6,27,6,17,2.1,2.857142857142857,810,0.18461538461538463,0.05893909626719057,0.16190476190476222,0.96875,0.2588550347409631
2026-09-18,Gongabu-Koteshwor,V002,7,62,10,43,3.2,3.125,3100,0.7230769230769231,0.5088408644400786,0.4958333333333335,0.5625,0.5779086695884339
2026-09-18,Kalanki-Ratnapark,V004,7,57,9,44,3.2,2.8125,2565,0.6461538461538462,0.4037328094302554,0.10625000000000023,0.546875,0.42355974667523055
2026-09-18,Gongabu-Koteshwor,V018,7,57,10,58,3.3,3.0303030303030303,2850,0.6461538461538462,0.45972495088408644,0.37777777777777793,0.328125,0.47542683355582427
2026-09-18,Balkhu-Ratnapark,V009,8,58,6,36,1.9,3.1578947368421053,1740,0.6615384615384615,0.24165029469548133,0.5368421052631581,0.671875,0.5059484031859725
2026-09-18,Sudhara-Kalanki,V019,8,59,11,54,3.9,2.8205128205128207,3245,0.676923076923077,0.537328094302554,0.11623931623931671,0.390625,0.45192893042751847
2026-09-18,Sudhara-Kalanki,V018,9,64,11,46,3.7,2.972972972972973,3520,0.7538461538461538,0.5913555992141454,0.3063063063063063,0.515625,0.5574808524946664
2026-09-18,Balkhu-Ratnapark,V003,12,51,6,20,2.1,2.857142857142857,1530,0.5538461538461539,0.20039292730844793,0.16190476190476222,0.921875,0.4050291648225711
2026-09-18,Kirtipur-Ratnapark,V016,14,44,8,21,2.4,3.3333333333333335,1760,0.4461538461538462,0.2455795677799607,0.7555555555555559,0.90625,0.532346413069031
2026-09-18,Koteshwor-Kalanki,V004,14,37,14,50,4.4,3.1818181818181817,2590,0.3384615384615385,0.4086444007858546,0.5666666666666667,0.453125,0.4337671984408846
2026-09-18,Balkhu-Ratnapark,V015,18,73,6,34,1.9,3.1578947368421053,2190,0.8923076923076924,0.3300589390962672,0.5368421052631581,0.703125,0.6063892657369774
2026-09-18,Gongabu-Koteshwor,V003,18,65,10,45,3.4,2.9411764705882355,3250,0.7692307692307693,0.5383104125736738,0.26666666666666716,0.53125,0.5386165212079997
2026-09-18,Kirtipur-Ratnapark,V006,18,71,8,43,2.9,2.7586206896551726,2840,0.8615384615384616,0.4577603143418468,0.03908045977011542,0.5625,0.4899347477066213
2026-09-18,Koteshwor-Baneshwor,V008,18,55,8,41,2.7,2.962962962962963,2200,0.6153846153846154,0.3320235756385069,0.2938271604938272,0.59375,0.44674174743039347
2026-09-18,Sudhara-Kalanki,V013,19,58,11,58,3.5,3.142857142857143,3190,0.6615384615384615,0.5265225933202358,0.5180952380952382,0.328125,0.5351608759814187
2026-09-18,Kirtipur-Ratnapark,V006,20,27,8,20,2.6,3.0769230769230766,1080,0.18461538461538463,0.11198428290766209,0.43589743589743574,0.921875,0.336235509231273
2026-09-18,Gongabu-Koteshwor,V007,20,36,10,27,3.5,2.857142857142857,1800,0.3230769230769231,0.25343811394891946,0.16190476190476222,0.8125,0.33530570158394335
2026-09-19,Jorpati-Ratnapark,V018,7,52,9,45,3.2,2.8125,2340,0.5692307692307692,0.35952848722986247,0.10625000000000023,0.53125,0.3848777769381896
2026-09-19,Balkhu-Ratnapark,V013,7,46,6,26,1.8,3.333333333333333,1380,0.47692307692307695,0.17092337917485265,0.7555555555555553,0.828125,0.5074615757182677
2026-09-19,Kalanki-Ratnapark,V015,7,48,9,44,2.7,3.333333333333333,2160,0.5076923076923077,0.3241650294695481,0.7555555555555553,0.546875,0.5204773400374456
2026-09-19,Kirtipur-Ratnapark,V002,8,47,8,35,2.5,3.2,1880,0.49230769230769234,0.2691552062868369,0.5893333333333337,0.6875,0.47889720291169224
2026-09-19,Kirtipur-Ratnapark,V008,9,49,8,30,2.8,2.857142857142857,1960,0.5230769230769231,0.28487229862475444,0.16190476190476222,0.765625,0.3977047069866938
2026-09-19,Jorpati-Ratnapark,V005,9,53,9,42,3.2,2.8125,2385,0.5846153846153846,0.36836935166994106,0.10625000000000023,0.578125,0.3991766708855978
2026-09-19,Gongabu-Koteshwor,V017,12,25,10,27,3.0,3.3333333333333335,1250,0.15384615384615385,0.14538310412573674,0.7555555555555559,0.8125,0.40053266628045614
2026-09-19,Lagankhel-Ratnapark,V017,12,23,6,19,1.9,3.1578947368421053,690,0.12307692307692308,0.03536345776031434,0.5368421052631581,0.9375,0.32236764056696077
2026-09-19,Koteshwor-Kalanki,V010,13,33,14,43,4.1,3.414634146341464,2310,0.27692307692307694,0.35363457760314343,0.8569105691056916,0.5625,0.48776993863428897
2026-09-19,Chabahil-Koteshwor,V007,16,37,7,22,2.3,3.0434782608695654,1295,0.3384615384615385,0.15422396856581533,0.3942028985507251,0.890625,0.37995012674588735
2026-09-19,Koteshwor-Baneshwor,V006,17,54,8,30,2.5,3.2,2160,0.6,0.3241650294695481,0.5893333333333337,0.765625,0.5394265921741979
2026-09-19,Jorpati-Ratnapark,V009,17,55,9,38,3.0,3.0,2475,0.6153846153846154,0.38605108055009824,0.3400000000000002,0.640625,0.48152445878041417
2026-09-19,Jorpati-Ratnapark,V002,18,38,9,47,3.2,2.8125,1710,0.35384615384615387,0.2357563850687623,0.10625000000000023,0.5,0.2784432616744749
2026-09-19,Gongabu-Koteshwor,V008,18,53,10,45,3.3,3.0303030303030303,2650,0.5846153846153846,0.4204322200392927,0.37777777777777793,0.53125,0.4756462258408477
2026-09-19,Koteshwor-Kalanki,V016,19,50,14,67,5.0,2.8,3500,0.5384615384615384,0.587426326129666,0.09066666666666669,0.1875,0.388558026044028
2026-09-19,Chabahil-Koteshwor,V013,19,47,7,34,2.5,2.8,1645,0.49230769230769234,0.22298624754420432,0.09066666666666669,0.703125,0.34272359862223567
2026-09-19,Koteshwor-Baneshwor,V011,19,54,8,38,2.8,2.857142857142857,2160,0.6,0.3241650294695481,0.16190476190476222,0.640625,0.41381944931705494
2026-09-20,Lagankhel-Ratnapark,V017,6,20,6,22,1.9,3.1578947368421053,600,0.07692307692307693,0.01768172888015717,0.5368421052631581,0.890625,0.29618571805675975
2026-09-20,Ratnapark-Bhaktapur,V014,7,63,13,57,4.5,2.888888888888889,4095,0.7384615384615385,0.7043222003929273,0.20148148148148165,0.34375,0.5347679920267101
2026-09-20,Jorpati-Ratnapark,V020,7,58,9,45,3.1,2.903225806451613,2610,0.6615384615384615,0.412573673870334,0.21935483870967776,0.53125,0.45675985030005806
2026-09-20,Jorpati-Ratnapark,V019,8,56,9,42,2.8,3.2142857142857144,2520,0.6307692307692307,0.3948919449901768,0.6071428571428574,0.578125,0.5462028170135366
2026-09-20,Balkhu-Ratnapark,V002,10,54,6,17,1.9,3.1578947368421053,1620,0.6,0.2180746561886051,0.5368421052631581,0.96875,0.524945423172371
2026-09-20,Chabahil-Koteshwor,V003,10,46,7,19,2.2,3.1818181818181817,1610,0.47692307692307695,0.21611001964636542,0.5666666666666667,0.9375,0.4902015956374994
2026-09-20,Balkhu-Ratnapark,V006,10,37,6,17,1.9,3.1578947368421053,1110,0.3384615384615385,0.11787819253438114,0.5368421052631581,0.96875,0.41642494561456533
2026-09-20,Lagankhel-Ratnapark,V005,10,31,6,19,2.0,3.0,930,0.24615384615384617,0.0825147347740668,0.3400000000000002,0.9375,0.32422557427837395
2026-09-20,Gongabu-Koteshwor,V017,12,50,10,37,3.5,2.857142857142857,2500,0.5384615384615384,0.39096267190569745,0.16190476190476222,0.65625,0.4177409535863613
2026-09-20,Sudhara-Kalanki,V018,13,54,11,37,3.8,2.8947368421052633,2970,0.6,0.48330058939096265,0.20877192982456177,0.65625,0.4756206592734293
2026-09-20,Thimi-Ratnapark,V016,14,38,12,29,3.8,3.1578947368421053,2280,0.35384615384615387,0.3477406679764244,0.5368421052631581,0.78125,0.461874072862563
2026-09-20,Kirtipur-Ratnapark,V001,16,34,8,19,2.7,2.962962962962963,1360,0.2923076923076923,0.16699410609037327,0.2938271604938272,0.9375,0.35187232964287646
2026-09-20,Balkhu-Ratnapark,V011,17,68,6,28,2.1,2.857142857142857,2040,0.8153846153846154,0.3005893909626719,0.16190476190476222,0.796875,0.4947996423803767
2026-09-20,Gongabu-Koteshwor,V002,17,71,10,54,3.2,3.125,3550,0.8615384615384616,0.5972495088408645,0.4958333333333335,0.390625,0.6201884744471312
2026-09-20,Thimi-Ratnapark,V020,18,67,12,67,4.1,2.9268292682926833,4020,0.8,0.6895874263261297,0.24878048780487874,0.1875,0.5371963498490585
2026-09-20,Balkhu-Ratnapark,V018,19,79,6,34,2.0,3.0,2370,0.9846153846153847,0.3654223968565815,0.3400000000000002,0.703125,0.59548008444159
2026-09-20,Koteshwor-Kalanki,V019,19,58,14,77,4.6,3.0434782608695654,4060,0.6615384615384615,0.6974459724950884,0.3942028985507251,0.03125,0.5109335548477463
2026-09-21,Kirtipur-Ratnapark,V009,9,73,8,36,2.6,3.0769230769230766,2920,0.8923076923076924,0.47347740667976423,0.43589743589743574,0.671875,0.6194911386705959
2026-09-21,Kirtipur-Ratnapark,V003,9,69,8,36,2.7,2.962962962962963,2760,0.8307692307692308,0.44204322200392926,0.2938271604938272,0.671875,0.5560817759554048
2026-09-21,Chabahil-Koteshwor,V011,9,56,7,29,2.1,3.333333333333333,1960,0.6307692307692307,0.28487229862475444,0.7555555555555553,0.78125,0.5807688477070844
2026-09-21,Balkhu-Ratnapark,V010,12,52,6,18,2.1,2.857142857142857,1560,0.5692307692307692,0.206286836935167,0.16190476190476222,0.953125,0.41610022232597144
2026-09-21,Koteshwor-Baneshwor,V017,12,30,8,21,2.5,3.2,1200,0.23076923076923078,0.13555992141453832,0.5893333333333337,0.90625,0.3931695789884641
2026-09-21,Sudhara-Kalanki,V011,14,34,11,31,3.3,3.3333333333333335,1870,0.2923076923076923,0.26719056974459726,0.7555555555555559,0.75,0.46923836750457587
2026-09-21,Jorpati-Ratnapark,V008,14,20,9,22,2.7,3.333333333333333,900,0.07692307692307693,0.07662082514734773,0.7555555555555553,0.890625,0.36854580951001625
2026-09-21,Kalanki-Ratnapark,V009,15,32,9,22,3.1,2.903225806451613,1440,0.26153846153846155,0.18271119842829076,0.21935483870967776,0.890625,0.32170735766744507
2026-09-21,Koteshwor-Baneshwor,V004,16,55,8,28,2.4,3.3333333333333335,2200,0.6153846153846154,0.3320235756385069,0.7555555555555559,0.796875,0.5926425961958256
2026-09-21,Chabahil-Koteshwor,V007,17,70,7,36,2.3,3.0434782608695654,2450,0.8461538461538461,0.381139489194499,0.3942028985507251,0.671875,0.5675199752421848
2026-09-21,Sudhara-Kalanki,V008,17,56,11,63,3.5,3.142857142857143,3080,0.6307692307692307,0.5049115913555993,0.5180952380952382,0.25,0.5077280561612586
2026-09-21,Gongabu-Koteshwor,V004,17,59,10,60,3.4,2.9411764705882355,2950,0.676923076923077,0.4793713163064833,0.26666666666666716,0.296875,0.4580862346355349
2026-09-21,Koteshwor-Baneshwor,V014,17,70,8,39,2.5,3.2,2800,0.8461538461538461,0.449901768172888,0.5893333333333337,0.625,0.6299000176313536
2026-09-21,Kalanki-Ratnapark,V007,18,63,9,37,3.0,3.0,2835,0.7384615384615385,0.4567779960707269,0.3400000000000002,0.65625,0.5420093603596796
2026-09-21,Kirtipur-Ratnapark,V010,19,55,8,42,2.7,2.962962962962963,2200,0.6153846153846154,0.3320235756385069,0.2938271604938272,0.578125,0.4443979974303935
2026-09-21,Lagankhel-Ratnapark,V012,20,27,6,20,1.9,3.1578947368421053,810,0.18461538461538463,0.05893909626719057,0.5368421052631581,0.921875,0.3455581205805621
2026-09-21,Koteshwor-Baneshwor,V002,20,43,8,21,2.4,3.3333333333333335,1720,0.4307692307692308,0.23772102161100198,0.7555555555555559,0.90625,0.5253734646029589
2026-09-22,Jorpati-Ratnapark,V004,7,72,9,37,2.8,3.2142857142857144,3240,0.8769230769230769,0.5363457760314342,0.6071428571428574,0.65625,0.6742038701720676
2026-09-22,Sudhara-Kalanki,V005,8,71,11,54,3.7,2.972972972972973,3905,0.8615384615384616,0.6669941060903732,0.3063063063063063,0.390625,0.593730096865227
2026-09-22,Koteshwor-Baneshwor,V016,9,62,8,48,2.6,3.0769230769230766,2480,0.7230769230769231,0.38703339882121807,0.43589743589743574,0.484375,0.5146637055438013
2026-09-22,Koteshwor-Kalanki,V014,9,57,14,66,4.2,3.333333333333333,3990,0.6461538461538462,0.6836935166994106,0.7555555555555553,0.203125,0.6183118477448659
2026-09-22,Thimi-Ratnapark,V010,10,32,12,42,3.6,3.333333333333333,1920,0.26153846153846155,0.2770137524557957,0.7555555555555553,0.578125,0.437173303087166
2026-09-22,Chabahil-Koteshwor,V001,10,18,7,19,2.3,3.0434782608695654,630,0.046153846153846156,0.023575638506876228,0.3942028985507251,0.9375,0.260094570035898
2026-09-22,Koteshwor-Baneshwor,V017,11,54,8,31,2.6,3.0769230769230766,2160,0.6,0.3241650294695481,0.43589743589743574,0.75,0.4987238678152233
2026-09-22,Lagankhel-Ratnapark,V014,13,23,6,19,1.8,3.333333333333333,690,0.12307692307692308,0.03536345776031434,0.7555555555555553,0.9375,0.3770460031400601
2026-09-22,Kirtipur-Ratnapark,V019,13,50,8,25,2.4,3.3333333333333335,2000,0.5384615384615384,0.29273084479371314,0.7555555555555559,0.84375,0.5648091038654645
2026-09-22,Jorpati-Ratnapark,V003,14,51,9,25,2.7,3.333333333333333,2295,0.5538461538461539,0.3506876227897839,0.7555555555555553,0.84375,0.5868115218796701
2026-09-22,Kirtipur-Ratnapark,V015,17,77,8,44,2.8,2.857142857142857,3080,0.9538461538461539,0.5049115913555993,0.16190476190476222,0.546875,0.5601347640367165
2026-09-22,Chabahil-Koteshwor,V019,17,61,7,39,2.5,2.8,2135,0.7076923076923077,0.3192534381139489,0.09066666666666669,0.625,0.42450039040854365
2026-09-22,Chabahil-Koteshwor,V012,17,56,7,31,2.3,3.0434782608695654,1960,0.6307692307692307,0.28487229862475444,0.3942028985507251,0.75,0.4857431834558768
2026-09-22,Koteshwor-Baneshwor,V013,17,77,8,35,2.7,2.962962962962963,3080,0.9538461538461539,0.5049115913555993,0.2938271604938272,0.6875,0.6142091136839828
2026-09-22,Koteshwor-Baneshwor,V015,18,74,8,40,2.7,2.962962962962963,2960,0.9076923076923077,0.481335952848723,0.2938271604938272,0.609375,0.5815715182857659
2026-09-22,Gongabu-Koteshwor,V018,18,61,10,43,3.4,2.9411764705882355,3050,0.7076923076923077,0.49901768172888017,0.26666666666666716,0.5625,0.5130546634930231
2026-09-22,Gongabu-Koteshwor,V009,20,37,10,29,3.3,3.0303030303030303,1850,0.3384615384615385,0.2632612966601179,0.37777777777777793,0.78125,0.3921487949809414
2026-09-23,Ratnapark-Bhaktapur,V016,6,44,13,46,3.9,3.3333333333333335,2860,0.4461538461538462,0.46168958742632615,0.7555555555555559,0.515625,0.5385856689629407
2026-09-23,Lagankhel-Ratnapark,V013,7,76,6,25,1.8,3.333333333333333,2280,0.9384615384615385,0.3477406679764244,0.7555555555555553,0.84375,0.7013120508202777
2026-09-23,Balkhu-Ratnapark,V004,8,72,6,30,1.8,3.333333333333333,2160,0.8769230769230769,0.3241650294695481,0.7555555555555553,0.765625,0.6640590708066764
2026-09-23,Chabahil-Koteshwor,V013,8,72,7,34,2.5,2.8,2520,0.8769230769230769,0.3948919449901768,0.09066666666666669,0.703125,0.5096799232406428
2026-09-23,Kalanki-Ratnapark,V019,9,74,9,39,3.1,2.903225806451613,3330,0.9076923076923077,0.5540275049115914,0.21935483870967776,0.625,0.5871046534585891
2026-09-23,Thimi-Ratnapark,V014,10,42,12,37,4.2,2.857142857142857,2520,0.4153846153846154,0.3948919449901768,0.16190476190476222,0.65625,0.38199665858862825
2026-09-23,Lagankhel-Ratnapark,V018,10,32,6,21,1.9,3.1578947368421053,960,0.26153846153846155,0.08840864440078586,0.5368421052631581,0.90625,0.37513215809756373
2026-09-23,Jorpati-Ratnapark,V002,11,21,9,31,2.7,3.333333333333333,945,0.09230769230769231,0.08546168958742632,0.7555555555555553,0.75,0.35471970345742443
2026-09-23,Gongabu-Koteshwor,V008,14,21,10,37,3.5,2.857142857142857,1050,0.09230769230769231,0.10609037328094302,0.16190476190476222,0.65625,0.19843311015278114
2026-09-23,Chabahil-Koteshwor,V002,15,55,7,18,2.4,2.916666666666667,1925,0.6153846153846154,0.2779960707269155,0.23611111111111172,0.953125,0.47001073361123713
2026-09-23,Thimi-Ratnapark,V014,15,21,12,29,4.2,2.857142857142857,1260,0.09230769230769231,0.14734774066797643,0.16190476190476222,0.78125,0.22956032036889118
2026-09-23,Thimi-Ratnapark,V014,16,19,12,41,3.6,3.333333333333333,1140,0.06153846153846154,0.1237721021611002,0.7555555555555553,0.59375,0.3335445579987573
2026-09-23,Kalanki-Ratnapark,V001,18,64,9,44,3.1,2.903225806451613,2880,0.7538461538461538,0.4656188605108055,0.21935483870967776,0.546875,0.5027094639845072
2026-09-23,Thimi-Ratnapark,V013,18,65,12,53,3.9,3.076923076923077,3900,0.7692307692307693,0.6660117878192534,0.4358974358974363,0.40625,0.6004846260893658
2026-09-23,Chabahil-Koteshwor,V005,18,56,7,33,2.5,2.8,1960,0.6307692307692307,0.28487229862475444,0.09066666666666669,0.71875,0.4051716254848622
2026-09-23,Chabahil-Koteshwor,V007,19,78,7,30,2.1,3.333333333333333,2730,0.9692307692307692,0.4361493123772102,0.7555555555555553,0.765625,0.7253466633712827
2026-09-23,Kalanki-Ratnapark,V010,19,76,9,43,2.9,3.103448275862069,3420,0.9384615384615385,0.5717092337917485,0.46896551724137947,0.5625,0.6546676109863309
2026-09-24,Sudhara-Kalanki,V017,7,62,11,59,3.5,3.142857142857143,3410,0.7230769230769231,0.5697445972495089,0.5180952380952382,0.3125,0.5642452656217392
2026-09-24,Koteshwor-Kalanki,V014,7,75,14,75,4.8,2.916666666666667,5250,0.9230769230769231,0.931237721021611,0.23611111111111172,0.0625,0.6246971710073381
2026-09-24,Jorpati-Ratnapark,V018,8,61,9,38,2.9,3.103448275862069,2745,0.7076923076923077,0.43909626719056977,0.46896551724137947,0.640625,0.5573717017752081
2026-09-24,Thimi-Ratnapark,V011,8,70,12,49,4.0,3.0,4200,0.8461538461538461,0.724950884086444,0.3400000000000002,0.46875,0.626643919072087
2026-09-24,Gongabu-Koteshwor,V015,8,80,10,51,3.1,3.225806451612903,4000,1.0,0.6856581532416502,0.621505376344086,0.4375,0.7266987900585166
2026-09-24,Sudhara-Kalanki,V016,8,72,11,44,3.9,2.8205128205128207,3960,0.8769230769230769,0.6777996070726916,0.11623931623931671,0.546875,0.5775078842585597
2026-09-24,Chabahil-Koteshwor,V009,9,70,7,34,2.4,2.916666666666667,2450,0.8461538461538461,0.381139489194499,0.23611111111111172,0.703125,0.5326845283822814
2026-09-24,Koteshwor-Kalanki,V009,10,20,14,35,4.2,3.333333333333333,1400,0.07692307692307693,0.17485265225933203,0.7555555555555553,0.6875,0.36754660764361147
2026-09-24,Lagankhel-Ratnapark,V002,15,32,6,16,1.7,3.5294117647058822,960,0.26153846153846155,0.08840864440078586,1.0,0.984375,0.5026403817817742
2026-09-24,Sudhara-Kalanki,V019,15,44,11,37,3.4,3.235294117647059,2420,0.4461538461538462,0.37524557956778,0.6333333333333335,0.65625,0.5031906610498211
2026-09-24,Kalanki-Ratnapark,V013,15,33,9,27,3.0,3.0,1485,0.27692307692307694,0.19155206286836934,0.3400000000000002,0.8125,0.3474175419374339
2026-09-24,Gongabu-Koteshwor,V008,17,77,10,54,3.6,2.7777777777777777,3850,0.9538461538461539,0.656188605108055,0.06296296296296308,0.390625,0.5573449184270034
2026-09-24,Sudhara-Kalanki,V011,18,67,11,54,3.7,2.972972972972973,3685,0.8,0.6237721021611002,0.3063063063063063,0.390625,0.5623019572249066
2026-09-24,Kirtipur-Ratnapark,V016,18,65,8,33,2.5,3.2,2600,0.7692307692307693,0.4106090373280943,0.5893333333333337,0.71875,0.6090977753009924
2026-09-24,Sudhara-Kalanki,V002,18,57,11,45,3.7,2.972972972972973,3135,0.6461538461538462,0.5157170923379175,0.3063063063063063,0.53125,0.5048253581241057
2026-09-24,Ratnapark-Bhaktapur,V015,19,57,13,62,4.5,2.888888888888889,3705,0.6461538461538462,0.6277013752455796,0.20148148148148165,0.265625,0.47237068679019817
2026-09-24,Koteshwor-Kalanki,V007,19,78,14,79,5.1,2.7450980392156863,5460,0.9692307692307692,0.9724950884086444,0.022222222222222494,0.0,0.5880733128473797
2026-09-25,Koteshwor-Kalanki,V006,7,68,14,64,4.5,3.111111111111111,4760,0.8153846153846154,0.8349705304518664,0.4785185185185188,0.234375,0.6498924233805743
2026-09-25,Kalanki-Ratnapark,V019,7,77,9,38,3.2,2.8125,3465,0.9538461538461539,0.5805500982318271,0.10625000000000023,0.640625,0.5829751256233943
2026-09-25,Koteshwor-Baneshwor,V008,8,71,8,43,2.6,3.0769230769230766,2840,0.8615384615384616,0.4577603143418468,0.43589743589743574,0.5625,0.5891389917384514
2026-09-25,Kirtipur-Ratnapark,V008,9,57,8,36,2.8,2.857142857142857,2280,0.6461538461538462,0.3477406679764244,0.16190476190476222,0.671875,0.4394257947152717
2026-09-25,Jorpati-Ratnapark,V016,9,57,9,40,2.8,3.2142857142857144,2565,0.6461538461538462,0.4037328094302554,0.6071428571428574,0.609375,0.5581579609609448
2026-09-25,Lagankhel-Ratnapark,V003,10,43,6,18,1.8,3.333333333333333,1290,0.4307692307692308,0.15324165029469547,0.7555555555555553,0.953125,0.5070609032080667
2026-09-25,Koteshwor-Kalanki,V003,10,42,14,41,4.1,3.414634146341464,2940,0.4153846153846154,0.4774066797642436,0.8569105691056916,0.59375,0.5711275308210807
2026-09-25,Sudhara-Kalanki,V011,10,26,11,29,3.7,2.972972972972973,1430,0.16923076923076924,0.1807465618860511,0.3063063063063063,0.78125,0.29875727591162266
2026-09-25,Koteshwor-Kalanki,V007,13,41,14,54,4.7,2.978723404255319,2870,0.4,0.4636542239685658,0.3134751773049646,0.390625,0.39605881151681094
2026-09-25,Koteshwor-Kalanki,V001,14,35,14,41,4.3,3.255813953488372,2450,0.3076923076923077,0.381139489194499,0.6589147286821707,0.59375,0.4604407212365847
2026-09-25,Chabahil-Koteshwor,V006,15,54,7,18,2.2,3.1818181818181817,1890,0.6,0.27111984282907664,0.5666666666666667,0.953125,0.5459713695153896
2026-09-25,Ratnapark-Bhaktapur,V011,16,43,13,32,4.0,3.25,2795,0.4307692307692308,0.4489194499017682,0.6516666666666668,0.734375,0.5369795208679664
2026-09-25,Jorpati-Ratnapark,V016,17,55,9,54,3.0,3.0,2475,0.6153846153846154,0.38605108055009824,0.3400000000000002,0.390625,0.4440244587804142
2026-09-25,Sudhara-Kalanki,V019,17,60,11,45,3.5,3.142857142857143,3300,0.6923076923076923,0.5481335952848723,0.5180952380952382,0.53125,0.5813436958015789
2026-09-25,Sudhara-Kalanki,V014,18,60,11,63,3.4,3.235294117647059,3300,0.6923076923076923,0.5481335952848723,0.6333333333333335,0.25,0.5679657196111026
2026-09-25,Ratnapark-Bhaktapur,V017,18,66,13,76,4.3,3.0232558139534884,4290,0.7846153846153846,0.7426326129666012,0.36899224806201575,0.046875,0.5574537112900997
2026-09-25,Ratnapark-Bhaktapur,V017,19,62,13,71,4.6,2.8260869565217392,4030,0.7230769230769231,0.6915520628683693,0.12318840579710183,0.125,0.47393579723286317
2026-09-26,Balkhu-Ratnapark,V018,7,51,6,24,2.1,2.857142857142857,1530,0.5538461538461539,0.20039292730844793,0.16190476190476222,0.859375,0.3956541648225711
2026-09-26,Chabahil-Koteshwor,V016,7,42,7,31,2.3,3.0434782608695654,1470,0.4153846153846154,0.18860510805500982,0.3942028985507251,0.75,0.3922476416695688
2026-09-26,Thimi-Ratnapark,V020,7,45,12,50,4.1,2.9268292682926833,2700,0.46153846153846156,0.4302554027504912,0.24878048780487874,0.453125,0.3977020312379055
2026-09-26,Lagankhel-Ratnapark,V012,7,51,6,30,2.2,2.727272727272727,1530,0.5538461538461539,0.20039292730844793,0.0,0.765625,0.34111547434638056
2026-09-26,Lagankhel-Ratnapark,V014,8,51,6,25,1.8,3.333333333333333,1530,0.5538461538461539,0.20039292730844793,0.7555555555555553,0.84375,0.5417231132352693
2026-09-26,Gongabu-Koteshwor,V011,8,46,10,37,3.1,3.225806451612903,2300,0.47692307692307695,0.3516699410609037,0.621505376344086,0.65625,0.5023917494812157
2026-09-26,Chabahil-Koteshwor,V015,9,44,7,36,2.1,3.333333333333333,1540,0.4461538461538462,0.20235756385068762,0.7555555555555553,0.671875,0.48422356189024895
2026-09-26,Gongabu-Koteshwor,V003,9,43,10,40,3.3,3.0303030303030303,2150,0.4307692307692308,0.32220039292730845,0.37777777777777793,0.609375,0.41174158155340623
2026-09-26,Balkhu-Ratnapark,V020,10,27,6,17,1.9,3.1578947368421053,810,0.18461538461538463,0.05893909626719057,0.5368421052631581,0.96875,0.35258937058056206
2026-09-26,Koteshwor-Kalanki,V010,11,16,14,34,4.5,3.111111111111111,1120,0.015384615384615385,0.11984282907662082,0.4785185185185188,0.703125,0.26566661296800054
2026-09-26,Jorpati-Ratnapark,V007,12,18,9,27,3.1,2.903225806451613,810,0.046153846153846156,0.05893909626719057,0.21935483870967776,0.8125,0.20824159240373047
2026-09-26,Kalanki-Ratnapark,V019,14,29,9,29,2.8,3.2142857142857144,1305,0.2153846153846154,0.15618860510805502,0.6071428571428574,0.78125,0.3804451804335155
2026-09-26,Lagankhel-Ratnapark,V015,15,35,6,17,1.8,3.333333333333333,1050,0.3076923076923077,0.10609037328094302,0.7555555555555553,0.96875,0.45833619318086405
2026-09-26,Lagankhel-Ratnapark,V005,17,45,6,28,1.8,3.333333333333333,1350,0.46153846153846156,0.1650294695481336,0.7555555555555553,0.796875,0.49639051821486735
2026-09-26,Thimi-Ratnapark,V009,18,48,12,53,3.8,3.1578947368421053,2880,0.5076923076923077,0.4656188605108055,0.5368421052631581,0.40625,0.4871413767767234
2026-09-26,Jorpati-Ratnapark,V010,18,53,9,47,2.9,3.103448275862069,2385,0.5846153846153846,0.36836935166994106,0.46896551724137947,0.5,0.47813680019594257
2026-09-26,Kirtipur-Ratnapark,V016,20,23,8,24,2.5,3.2,920,0.12307692307692308,0.08055009823182711,0.5893333333333337,0.859375,0.3373276897259585
2026-09-27,Koteshwor-Baneshwor,V018,6,47,8,20,2.4,3.3333333333333335,1880,0.49230769230769234,0.2691552062868369,0.7555555555555559,0.921875,0.5556090084672478
2026-09-27,Thimi-Ratnapark,V020,6,43,12,29,3.7,3.243243243243243,2580,0.4307692307692308,0.4066797642436149,0.6432432432432431,0.78125,0.5292330093146644
2026-09-27,Lagankhel-Ratnapark,V004,6,34,6,21,2.0,3.0,1020,0.2923076923076923,0.10019646365422397,0.3400000000000002,0.90625,0.3386887467885749
2026-09-27,Jorpati-Ratnapark,V003,7,62,9,41,2.9,3.103448275862069,2790,0.7230769230769231,0.44793713163064836,0.46896551724137947,0.59375,0.5576080957226163
2026-09-27,Balkhu-Ratnapark,V016,7,78,6,27,1.9,3.1578947368421053,2340,0.9692307692307692,0.35952848722986247,0.5368421052631581,0.8125,0.654713303253979
2026-09-27,Koteshwor-Baneshwor,V010,8,76,8,45,2.6,3.0769230769230766,3040,0.9384615384615385,0.49705304518664045,0.43589743589743574,0.53125,0.6193162340688126
2026-09-27,Koteshwor-Baneshwor,V012,9,69,8,34,2.6,3.0769230769230766,2760,0.8307692307692308,0.44204322200392926,0.43589743589743574,0.703125,0.5962868448063069
2026-09-27,Ratnapark-Bhaktapur,V010,11,23,13,48,4.6,2.8260869565217392,1495,0.12307692307692308,0.19351669941060903,0.12318840579710183,0.484375,0.19843143819553505
2026-09-27,Lagankhel-Ratnapark,V003,12,48,6,17,1.9,3.1578947368421053,1440,0.5076923076923077,0.18271119842829076,0.5368421052631581,0.96875,0.486644078151969
2026-09-27,Kirtipur-Ratnapark,V014,14,41,8,22,2.7,2.962962962962963,1640,0.4,0.2220039292730845,0.2938271604938272,0.890625,0.3936517189053821
2026-09-27,Koteshwor-Baneshwor,V011,15,47,8,28,2.5,3.2,1880,0.49230769230769234,0.2691552062868369,0.5893333333333337,0.796875,0.4953034529116922
2026-09-27,Sudhara-Kalanki,V019,17,62,11,54,3.6,3.0555555555555554,3410,0.7230769230769231,0.5697445972495089,0.4092592592592592,0.390625,0.5487550209127443
2026-09-27,Thimi-Ratnapark,V019,17,59,12,61,3.6,3.333333333333333,3540,0.676923076923077,0.5952848722986247,0.7555555555555553,0.28125,0.6127387736553993
2026-09-27,Koteshwor-Baneshwor,V006,17,68,8,40,2.8,2.857142857142857,2720,0.8153846153846154,0.43418467583497056,0.16190476190476222,0.609375,0.5067532278420663
2026-09-27,Chabahil-Koteshwor,V003,18,80,7,30,2.4,2.916666666666667,2800,1.0,0.449901768172888,0.23611111111111172,0.765625,0.6088420582296443
2026-09-27,Chabahil-Koteshwor,V002,18,58,7,42,2.3,3.0434782608695654,2030,0.6615384615384615,0.29862475442043224,0.3942028985507251,0.578125,0.4733184394253494
2026-09-27,Ratnapark-Bhaktapur,V006,19,78,13,70,4.1,3.1707317073170733,5070,0.9692307692307692,0.8958742632612967,0.5528455284552849,0.140625,0.718836641861441
2026-09-28,Jorpati-Ratnapark,V019,7,59,9,47,2.8,3.2142857142857144,2655,0.676923076923077,0.4214145383104126,0.6071428571428574,0.5,0.5562869988557612
2026-09-28,Gongabu-Koteshwor,V020,7,66,10,41,3.3,3.0303030303030303,3300,0.7846153846153846,0.5481335952848723,0.37777777777777793,0.59375,0.5833316384145215
2026-09-28,Gongabu-Koteshwor,V020,8,76,10,44,3.2,3.125,3800,0.9384615384615385,0.6463654223968566,0.4958333333333335,0.546875,0.6814376715908519
2026-09-28,Gongabu-Koteshwor,V004,9,70,10,47,3.4,2.9411764705882355,3500,0.8461538461538461,0.587426326129666,0.26666666666666716,0.5,0.5717407183517204
2026-09-28,Koteshwor-Kalanki,V008,9,63,14,76,4.5,3.111111111111111,4410,0.7384615384615385,0.7662082514734774,0.4785185185185188,0.046875,0.5780618166101346
2026-09-28,Jorpati-Ratnapark,V004,9,72,9,38,2.9,3.103448275862069,3240,0.8769230769230769,0.5363457760314342,0.46896551724137947,0.640625,0.6373157851966981
2026-09-28,Ratnapark-Bhaktapur,V006,10,27,13,39,4.1,3.1707317073170733,1755,0.18461538461538463,0.24459724950884087,0.5528455284552849,0.625,0.36072517235108886
2026-09-28,Koteshwor-Baneshwor,V019,10,29,8,24,2.6,3.0769230769230766,1160,0.2153846153846154,0.12770137524557956,0.43589743589743574,0.859375,0.3408064061634174
2026-09-28,Koteshwor-Kalanki,V015,14,45,14,52,4.8,2.916666666666667,3150,0.46153846153846156,0.518664047151277,0.23611111111111172,0.421875,0.41636978038469946
2026-09-28,Chabahil-Koteshwor,V003,15,52,7,25,2.2,3.1818181818181817,1820,0.5692307692307692,0.25736738703339884,0.5666666666666667,0.84375,0.5162086135459171
2026-09-28,Thimi-Ratnapark,V006,15,49,12,40,3.7,3.243243243243243,2940,0.5230769230769231,0.4774066797642436,0.6432432432432431,0.609375,0.5523621416631608
2026-09-28,Kalanki-Ratnapark,V015,16,42,9,36,2.8,3.2142857142857144,1890,0.4153846153846154,0.27111984282907664,0.6071428571428574,0.671875,0.45851830174982194
2026-09-28,Jorpati-Ratnapark,V013,16,55,9,33,2.8,3.2142857142857144,2475,0.6153846153846154,0.38605108055009824,0.6071428571428574,0.71875,0.5600289230661285
2026-09-28,Gongabu-Koteshwor,V014,17,69,10,48,3.0,3.3333333333333335,3450,0.8307692307692308,0.5776031434184676,0.7555555555555559,0.484375,0.6840568511451984
2026-09-28,Gongabu-Koteshwor,V019,18,79,10,48,3.3,3.0303030303030303,3950,0.9846153846153847,0.6758349705304518,0.37777777777777793,0.484375,0.6652358009881953
2026-09-28,Kalanki-Ratnapark,V010,19,56,9,44,2.9,3.103448275862069,2520,0.6307692307692307,0.3948919449901768,0.46896551724137947,0.546875,0.5069709820381672
2026-09-28,Kalanki-Ratnapark,V013,20,50,9,25,2.8,3.2142857142857144,2250,0.5384615384615384,0.3418467583497053,0.6071428571428574,0.84375,0.5424407033290874
2026-09-29,Lagankhel-Ratnapark,V015,7,80,6,25,1.8,3.333333333333333,2400,1.0,0.3713163064833006,0.7555555555555553,0.84375,0.726846280833879
2026-09-29,Koteshwor-Kalanki,V002,7,80,14,59,4.2,3.333333333333333,5600,1.0,1.0,0.7555555555555553,0.3125,0.8357638888888888
2026-09-29,Koteshwor-Baneshwor,V010,8,63,8,46,2.6,3.0769230769230766,2520,0.7384615384615385,0.3948919449901768,0.43589743589743574,0.515625,0.5263241540098735
2026-09-29,Chabahil-Koteshwor,V019,9,71,7,28,2.4,2.916666666666667,2485,0.8615384615384616,0.3880157170923379,0.23611111111111172,0.796875,0.5534252813670177
2026-09-29,Koteshwor-Baneshwor,V015,12,45,8,28,2.7,2.962962962962963,1800,0.46153846153846156,0.25343811394891946,0.2938271604938272,0.796875,0.4074810127696711
2026-09-29,Kalanki-Ratnapark,V013,13,54,9,25,3.0,3.0,2430,0.6,0.37721021611001965,0.3400000000000002,0.84375,0.504725564833006
2026-09-29,Lagankhel-Ratnapark,V007,13,38,6,15,1.9,3.1578947368421053,1140,0.35384615384615387,0.1237721021611002,0.5368421052631581,1.0,0.42749600311796576
2026-09-29,Jorpati-Ratnapark,V005,15,49,9,24,3.1,2.903225806451613,2205,0.5230769230769231,0.3330058939096267,0.21935483870967776,0.859375,0.44056980477338437
2026-09-29,Sudhara-Kalanki,V009,16,28,11,36,3.7,2.972972972972973,1540,0.2,0.20235756385068762,0.3063063063063063,0.671875,0.29806509573178286
2026-09-29,Kirtipur-Ratnapark,V019,17,77,8,37,2.6,3.0769230769230766,3080,0.9538461538461539,0.5049115913555993,0.43589743589743574,0.65625,0.6450391825348848
2026-09-29,Thimi-Ratnapark,V005,17,59,12,64,4.1,2.9268292682926833,3540,0.676923076923077,0.5952848722986247,0.24878048780487874,0.234375,0.47901375671773017
2026-09-29,Sudhara-Kalanki,V009,17,66,11,54,3.6,3.0555555555555554,3630,0.7846153846153846,0.6129666011787819,0.4092592592592592,0.390625,0.5801831605530647
2026-09-29,Jorpati-Ratnapark,V005,18,61,9,38,3.0,3.0,2745,0.7076923076923077,0.43909626719056977,0.3400000000000002,0.640625,0.5251303224648632
2026-09-29,Ratnapark-Bhaktapur,V015,19,58,13,56,4.0,3.25,3770,0.6615384615384615,0.6404715127701375,0.6516666666666668,0.359375,0.6074259089592464
2026-09-29,Jorpati-Ratnapark,V001,19,78,9,52,3.3,2.7272727272727275,3510,0.9692307692307692,0.5893909626719057,5.536312149464114e-16,0.421875,0.5308677695708026
2026-09-29,Thimi-Ratnapark,V012,19,80,12,57,3.7,3.243243243243243,4800,1.0,0.8428290766208252,0.6432432432432431,0.34375,0.7652220337970583
2026-09-29,Ratnapark-Bhaktapur,V005,20,44,13,32,4.5,2.888888888888889,2860,0.4461538461538462,0.46168958742632615,0.20148148148148165,0.734375,0.43287965044442206
2026-09-30,Gongabu-Koteshwor,V003,7,62,10,48,3.3,3.0303030303030303,3100,0.7230769230769231,0.5088408644400786,0.37777777777777793,0.484375,0.536676030699545
2026-09-30,Kalanki-Ratnapark,V013,7,80,9,51,2.9,3.103448275862069,3600,1.0,0.6070726915520629,0.46896551724137947,0.4375,0.6649881867759637
2026-09-30,Chabahil-Koteshwor,V005,10,26,7,20,2.3,3.0434782608695654,910,0.16923076923076924,0.07858546168958742,0.3942028985507251,0.921875,0.3111768439137883
2026-09-30,Chabahil-Koteshwor,V008,11,23,7,19,2.0,3.5,805,0.12307692307692308,0.05795677799607073,0.9633333333333335,0.9375,0.4357684436552315
2026-09-30,Ratnapark-Bhaktapur,V017,15,28,13,40,4.4,2.954545454545454,1820,0.2,0.25736738703339884,0.28333333333333305,0.609375,0.2994497994433529
2026-09-30,Ratnapark-Bhaktapur,V012,17,75,13,72,4.2,3.095238095238095,4875,0.9230769230769231,0.8575638506876228,0.4587301587301585,0.109375,0.6652810218119033
2026-09-30,Koteshwor-Kalanki,V011,18,68,14,62,4.6,3.0434782608695654,4760,0.8153846153846154,0.8349705304518664,0.3942028985507251,0.265625,0.6335010183886258
