Date,Route,Vehicle,Hour,Passengers,Distance,Travel_Time,Fuel_Used
2026-09-01,Thimi-Ratnapark,V004,6,35,12,41,3.6
2026-09-01,Ratnapark-Bhaktapur,V018,7,68,13,77,4.0
2026-09-01,Sudhara-Kalanki,V014,8,73,11,58,3.9
2026-09-01,Thimi-Ratnapark,V018,8,65,12,51,4.1
2026-09-01,Jorpati-Ratnapark,V011,8,70,9,45,3.2
2026-09-01,Koteshwor-Baneshwor,V014,9,59,8,43,2.8
2026-09-01,Gongabu-Koteshwor,V005,9,62,10,44,3.3
2026-09-01,Ratnapark-Bhaktapur,V003,10,40,13,33,4.2
2026-09-01,Kirtipur-Ratnapark,V019,11,55,8,25,2.4
2026-09-01,Lagankhel-Ratnapark,V009,12,41,6,22,1.9
2026-09-01,Koteshwor-Kalanki,V015,14,42,14,53,4.4
2026-09-01,Kalanki-Ratnapark,V017,16,53,9,32,3.0
2026-09-01,Thimi-Ratnapark,V009,17,76,12,54,4.0
2026-09-01,Koteshwor-Baneshwor,V018,17,60,8,39,2.5
2026-09-01,Koteshwor-Kalanki,V008,18,57,14,59,4.9
2026-09-01,Kalanki-Ratnapark,V002,18,67,9,48,2.8
2026-09-01,Thimi-Ratnapark,V020,19,66,12,56,4.1
2026-09-02,Ratnapark-Bhaktapur,V011,6,53,13,45,4.0
2026-09-02,Chabahil-Koteshwor,V008,7,73,7,29,2.1
2026-09-02,Gongabu-Koteshwor,V018,8,71,10,42,3.2
2026-09-02,Ratnapark-Bhaktapur,V002,8,56,13,55,3.9
2026-09-02,Kalanki-Ratnapark,V005,10,28,9,26,3.0
2026-09-02,Thimi-Ratnapark,V012,11,51,12,37,3.7
2026-09-02,Jorpati-Ratnapark,V019,12,48,9,23,2.7
2026-09-02,Koteshwor-Baneshwor,V017,13,21,8,20,2.4
2026-09-02,Koteshwor-Baneshwor,V014,16,42,8,26,2.8
2026-09-02,Sudhara-Kalanki,V001,16,49,11,43,3.9
2026-09-02,Kalanki-Ratnapark,V009,17,61,9,43,3.1
2026-09-02,Sudhara-Kalanki,V009,18,65,11,63,3.6
2026-09-02,Kalanki-Ratnapark,V018,18,77,9,49,2.9
2026-09-02,Sudhara-Kalanki,V004,19,64,11,46,3.6
2026-09-02,Sudhara-Kalanki,V009,20,18,11,30,3.3
2026-09-02,Gongabu-Koteshwor,V001,20,34,10,24,3.4
2026-09-02,Gongabu-Koteshwor,V003,20,52,10,26,3.0
2026-09-03,Sudhara-Kalanki,V004,6,52,11,28,3.8
2026-09-03,Thimi-Ratnapark,V004,7,78,12,62,4.2
2026-09-03,Kirtipur-Ratnapark,V011,7,73,8,39,2.8
2026-09-03,Sudhara-Kalanki,V006,7,71,11,63,3.5
2026-09-03,Kalanki-Ratnapark,V007,8,69,9,50,2.8
2026-09-03,Kalanki-Ratnapark,V010,8,56,9,42,3.0
2026-09-03,Ratnapark-Bhaktapur,V014,9,68,13,63,4.5
2026-09-03,Kalanki-Ratnapark,V017,9,66,9,37,3.1
2026-09-03,Kalanki-Ratnapark,V006,10,48,9,32,2.9
2026-09-03,Koteshwor-Kalanki,V006,10,42,14,48,4.8
2026-09-03,Kalanki-Ratnapark,V009,10,37,9,28,3.1
2026-09-03,Gongabu-Koteshwor,V010,11,53,10,28,3.2
2026-09-03,Ratnapark-Bhaktapur,V001,12,54,13,31,3.8
2026-09-03,Jorpati-Ratnapark,V019,14,34,9,32,3.0
2026-09-03,Jorpati-Ratnapark,V008,15,20,9,25,2.8
2026-09-03,Jorpati-Ratnapark,V003,17,62,9,45,3.2
2026-09-03,Gongabu-Koteshwor,V008,19,57,10,49,3.5
2026-09-04,Thimi-Ratnapark,V017,6,53,12,40,4.0
2026-09-04,Chabahil-Koteshwor,V002,6,26,7,20,2.2
2026-09-04,Koteshwor-Baneshwor,V014,6,39,8,21,2.5
2026-09-04,Kalanki-Ratnapark,V008,6,30,9,28,2.8
2026-09-04,Koteshwor-Baneshwor,V009,7,58,8,35,2.5
2026-09-04,Balkhu-Ratnapark,V010,8,72,6,27,2.0
2026-09-04,Chabahil-Koteshwor,V020,8,65,7,38,2.4
2026-09-04,Koteshwor-Kalanki,V016,8,69,14,71,4.9
2026-09-04,Koteshwor-Baneshwor,V002,9,80,8,32,2.4
2026-09-04,Thimi-Ratnapark,V008,9,80,12,53,3.8
2026-09-04,Ratnapark-Bhaktapur,V009,9,71,13,65,4.7
2026-09-04,Chabahil-Koteshwor,V017,13,21,7,26,2.2
2026-09-04,Kirtipur-Ratnapark,V015,14,45,8,23,2.4
2026-09-04,Kirtipur-Ratnapark,V005,14,41,8,23,2.4
2026-09-04,Balkhu-Ratnapark,V007,17,76,6,34,2.1
2026-09-04,Lagankhel-Ratnapark,V020,18,62,6,25,2.1
2026-09-04,Sudhara-Kalanki,V011,19,58,11,46,3.4
2026-09-05,Jorpati-Ratnapark,V009,6,31,9,27,3.1
2026-09-05,Kalanki-Ratnapark,V005,6,23,9,20,2.9
2026-09-05,Gongabu-Koteshwor,V013,8,52,10,41,3.5
2026-09-05,Ratnapark-Bhaktapur,V014,8,56,13,48,4.2
2026-09-05,Koteshwor-Kalanki,V018,8,40,14,62,4.8
2026-09-05,Chabahil-Koteshwor,V014,9,53,7,33,2.1
2026-09-05,Sudhara-Kalanki,V001,9,42,11,49,3.7
2026-09-05,Thimi-Ratnapark,V007,10,15,12,27,4.1
2026-09-05,Ratnapark-Bhaktapur,V015,11,37,13,42,4.4
2026-09-05,Thimi-Ratnapark,V011,12,32,12,30,3.8
2026-09-05,Chabahil-Koteshwor,V002,17,38,7,30,2.4
2026-09-05,Jorpati-Ratnapark,V011,17,40,9,36,2.8
2026-09-05,Lagankhel-Ratnapark,V013,17,42,6,25,1.9
2026-09-05,Kirtipur-Ratnapark,V006,17,44,8,35,2.7
2026-09-05,Balkhu-Ratnapark,V003,18,55,6,29,1.9
2026-09-05,Lagankhel-Ratnapark,V020,20,17,6,17,2.0
2026-09-05,Thimi-Ratnapark,V017,20,26,12,27,4.1
2026-09-06,Gongabu-Koteshwor,V014,7,68,10,50,3.5
2026-09-06,Thimi-Ratnapark,V014,7,69,12,66,3.8
2026-09-06,Koteshwor-Kalanki,V008,8,55,14,64,4.4
2026-09-06,Gongabu-Koteshwor,V015,9,62,10,42,3.1
2026-09-06,Kalanki-Ratnapark,V009,9,72,9,52,2.8
2026-09-06,Jorpati-Ratnapark,V017,11,53,9,28,2.7
2026-09-06,Balkhu-Ratnapark,V007,12,39,6,16,1.9
2026-09-06,Jorpati-Ratnapark,V008,13,35,9,28,2.6
2026-09-06,Gongabu-Koteshwor,V004,15,31,10,31,3.1
2026-09-06,Sudhara-Kalanki,V016,16,35,11,34,3.7
2026-09-06,Lagankhel-Ratnapark,V005,17,57,6,30,1.9
2026-09-06,Balkhu-Ratnapark,V013,17,69,6,25,2.1
2026-09-06,Balkhu-Ratnapark,V008,17,79,6,24,1.8
2026-09-06,Balkhu-Ratnapark,V010,18,68,6,28,2.1
2026-09-06,Lagankhel-Ratnapark,V009,18,70,6,36,2.0
2026-09-06,Kirtipur-Ratnapark,V001,19,79,8,37,2.6
2026-09-06,Sudhara-Kalanki,V001,19,73,11,51,3.3
2026-09-07,Chabahil-Koteshwor,V018,6,30,7,26,2.4
2026-09-07,Thimi-Ratnapark,V008,7,79,12,63,4.1
2026-09-07,Gongabu-Koteshwor,V001,7,62,10,50,3.1
2026-09-07,Thimi-Ratnapark,V013,9,70,12,51,3.7
2026-09-07,Kirtipur-Ratnapark,V018,9,77,8,39,2.5
2026-09-07,Thimi-Ratnapark,V019,10,53,12,35,3.8
2026-09-07,Gongabu-Koteshwor,V015,11,55,10,34,3.4
2026-09-07,Chabahil-Koteshwor,V004,15,37,7,20,2.4
2026-09-07,Balkhu-Ratnapark,V006,16,25,6,16,1.8
2026-09-07,Ratnapark-Bhaktapur,V017,17,55,13,55,4.5
2026-09-07,Ratnapark-Bhaktapur,V019,18,66,13,62,4.4
2026-09-07,Kalanki-Ratnapark,V012,18,65,9,47,3.0
2026-09-07,Gongabu-Koteshwor,V018,18,77,10,48,3.4
2026-09-07,Lagankhel-Ratnapark,V013,19,61,6,35,2.1
2026-09-07,Ratnapark-Bhaktapur,V009,19,62,13,57,4.3
2026-09-07,Ratnapark-Bhaktapur,V014,20,47,13,35,4.1
2026-09-07,Kirtipur-Ratnapark,V017,20,35,8,23,2.8
2026-09-08,Kirtipur-Ratnapark,V015,7,62,8,33,2.8
2026-09-08,Kirtipur-Ratnapark,V006,8,78,8,39,2.7
2026-09-08,Jorpati-Ratnapark,V020,8,71,9,45,3.2
2026-09-08,Ratnapark-Bhaktapur,V006,8,72,13,75,3.9
2026-09-08,Sudhara-Kalanki,V020,9,58,11,47,3.5
2026-09-08,Balkhu-Ratnapark,V006,9,77,6,28,1.9
2026-09-08,Koteshwor-Kalanki,V018,9,59,14,64,4.8
2026-09-08,Gongabu-Koteshwor,V020,12,20,10,35,3.4
2026-09-08,Ratnapark-Bhaktapur,V001,15,48,13,39,4.1
2026-09-08,Gongabu-Koteshwor,V003,15,21,10,36,3.4
2026-09-08,Kalanki-Ratnapark,V004,17,65,9,51,3.0
2026-09-08,Thimi-Ratnapark,V019,17,61,12,59,4.0
2026-09-08,Koteshwor-Kalanki,V009,19,70,14,79,4.3
2026-09-08,Kirtipur-Ratnapark,V004,19,61,8,37,2.5
2026-09-08,Thimi-Ratnapark,V005,19,59,12,70,3.8
2026-09-08,Chabahil-Koteshwor,V003,20,25,7,20,2.2
2026-09-08,Chabahil-Koteshwor,V019,20,37,7,20,2.1
2026-09-09,Ratnapark-Bhaktapur,V020,6,45,13,35,4.3
2026-09-09,Kirtipur-Ratnapark,V016,7,75,8,37,2.5
2026-09-09,Koteshwor-Kalanki,V003,8,76,14,59,4.6
2026-09-09,Lagankhel-Ratnapark,V002,8,66,6,27,2.0
2026-09-09,Gongabu-Koteshwor,V002,8,72,10,56,3.2
2026-09-09,Ratnapark-Bhaktapur,V016,9,65,13,67,4.0
2026-09-09,Koteshwor-Baneshwor,V011,10,49,8,27,2.8
2026-09-09,Sudhara-Kalanki,V002,12,38,11,38,3.3
2026-09-09,Gongabu-Koteshwor,V008,12,27,10,32,3.5
2026-09-09,Kirtipur-Ratnapark,V010,13,35,8,25,2.6
2026-09-09,Koteshwor-Baneshwor,V010,14,53,8,25,2.4
2026-09-09,Koteshwor-Kalanki,V009,15,29,14,43,4.6
2026-09-09,Gongabu-Koteshwor,V010,17,63,10,48,3.3
2026-09-09,Chabahil-Koteshwor,V020,18,73,7,29,2.3
2026-09-09,Lagankhel-Ratnapark,V017,18,55,6,27,2.0
2026-09-09,Ratnapark-Bhaktapur,V015,19,75,13,55,4.2
2026-09-09,Chabahil-Koteshwor,V006,20,45,7,20,2.2
2026-09-10,Gongabu-Koteshwor,V018,6,22,10,35,3.4
2026-09-10,Jorpati-Ratnapark,V006,8,57,9,41,2.9
2026-09-10,Balkhu-Ratnapark,V017,9,55,6,32,1.9
2026-09-10,Gongabu-Koteshwor,V012,9,79,10,47,3.3
2026-09-10,Lagankhel-Ratnapark,V002,9,70,6,27,2.1
2026-09-10,Koteshwor-Kalanki,V010,9,68,14,78,4.7
2026-09-10,Koteshwor-Kalanki,V005,10,27,14,53,4.8
2026-09-10,Thimi-Ratnapark,V018,10,38,12,34,4.1
2026-09-10,Kirtipur-Ratnapark,V004,11,37,8,20,2.3
2026-09-10,Lagankhel-Ratnapark,V005,13,20,6,22,2.1
2026-09-10,Thimi-Ratnapark,V008,13,55,12,44,3.9
2026-09-10,Chabahil-Koteshwor,V011,16,43,7,20,2.4
2026-09-10,Chabahil-Koteshwor,V008,18,68,7,28,2.4
2026-09-10,Sudhara-Kalanki,V005,19,63,11,48,3.8
2026-09-10,Balkhu-Ratnapark,V004,19,69,6,34,2.1
2026-09-10,Jorpati-Ratnapark,V019,20,49,9,23,2.9
2026-09-10,Balkhu-Ratnapark,V007,20,33,6,17,1.8
2026-09-11,Kirtipur-Ratnapark,V010,6,43,8,27,2.6
2026-09-11,Lagankhel-Ratnapark,V016,7,67,6,28,2.0
2026-09-11,Thimi-Ratnapark,V012,7,62,12,58,4.0
2026-09-11,Chabahil-Koteshwor,V015,8,55,7,29,2.3
2026-09-11,Chabahil-Koteshwor,V018,8,69,7,29,2.5
2026-09-11,Lagankhel-Ratnapark,V006,8,80,6,28,2.1
2026-09-11,Lagankhel-Ratnapark,V018,10,43,6,24,2.0
2026-09-11,Chabahil-Koteshwor,V008,16,40,7,24,2.1
2026-09-11,Chabahil-Koteshwor,V005,16,20,7,23,2.2
2026-09-11,Chabahil-Koteshwor,V014,17,69,7,30,2.2
2026-09-11,Jorpati-Ratnapark,V012,17,57,9,37,2.8
2026-09-11,Gongabu-Koteshwor,V012,17,76,10,53,3.2
2026-09-11,Gongabu-Koteshwor,V010,18,65,10,43,3.3
2026-09-11,Ratnapark-Bhaktapur,V005,18,62,13,55,4.4
2026-09-11,Thimi-Ratnapark,V002,19,78,12,58,4.2
2026-09-11,Sudhara-Kalanki,V017,19,60,11,58,3.9
2026-09-11,Sudhara-Kalanki,V011,19,62,11,50,3.7
2026-09-12,Lagankhel-Ratnapark,V009,6,28,6,19,1.9
2026-09-12,Chabahil-Koteshwor,V016,7,43,7,26,2.1
2026-09-12,Kalanki-Ratnapark,V012,7,53,9,41,3.2
2026-09-12,Thimi-Ratnapark,V012,7,44,12,60,3.7
2026-09-12,Lagankhel-Ratnapark,V017,7,39,6,26,2.1
2026-09-12,Sudhara-Kalanki,V019,7,49,11,54,3.7
2026-09-12,Koteshwor-Kalanki,V011,8,41,14,55,4.3
2026-09-12,Jorpati-Ratnapark,V001,9,41,9,33,2.9
2026-09-12,Kalanki-Ratnapark,V019,9,42,9,43,2.8
2026-09-12,Kirtipur-Ratnapark,V017,9,52,8,29,2.4
2026-09-12,Gongabu-Koteshwor,V013,11,16,10,27,3.5
2026-09-12,Sudhara-Kalanki,V007,16,22,11,33,3.3
2026-09-12,Gongabu-Koteshwor,V010,17,40,10,51,3.6
2026-09-12,Gongabu-Koteshwor,V012,17,54,10,40,3.3
2026-09-12,Gongabu-Koteshwor,V003,17,52,10,41,3.5
2026-09-12,Koteshwor-Baneshwor,V004,17,38,8,41,2.6
2026-09-12,Jorpati-Ratnapark,V005,19,52,9,47,3.0
2026-09-13,Kirtipur-Ratnapark,V009,6,35,8,22,2.5
2026-09-13,Balkhu-Ratnapark,V012,6,27,6,17,1.9
2026-09-13,Gongabu-Koteshwor,V003,7,57,10,57,3.1
2026-09-13,Sudhara-Kalanki,V012,7,63,11,51,3.8
2026-09-13,Koteshwor-Baneshwor,V001,7,71,8,43,2.6
2026-09-13,Ratnapark-Bhaktapur,V003,9,59,13,76,4.2
2026-09-13,Balkhu-Ratnapark,V006,10,38,6,16,1.9
2026-09-13,Chabahil-Koteshwor,V015,13,45,7,26,2.4
2026-09-13,Thimi-Ratnapark,V019,14,38,12,38,3.9
2026-09-13,Sudhara-Kalanki,V020,16,53,11,43,3.9
2026-09-13,Thimi-Ratnapark,V018,17,61,12,59,4.2
2026-09-13,Lagankhel-Ratnapark,V011,17,66,6,24,2.0
2026-09-13,Sudhara-Kalanki,V011,17,68,11,56,3.7
2026-09-13,Kalanki-Ratnapark,V005,17,62,9,38,2.9
2026-09-13,Lagankhel-Ratnapark,V011,18,67,6,30,1.8
2026-09-13,Kirtipur-Ratnapark,V012,18,72,8,47,2.9
2026-09-13,Lagankhel-Ratnapark,V002,20,37,6,19,2.0
2026-09-14,Jorpati-Ratnapark,V002,6,37,9,22,3.0
2026-09-14,Kalanki-Ratnapark,V017,7,68,9,51,3.1
2026-09-14,Gongabu-Koteshwor,V012,7,58,10,53,3.4
2026-09-14,Ratnapark-Bhaktapur,V002,8,79,13,60,4.4
2026-09-14,Koteshwor-Baneshwor,V009,8,74,8,45,2.8
2026-09-14,Chabahil-Koteshwor,V010,9,55,7,34,2.3
2026-09-14,Balkhu-Ratnapark,V003,10,20,6,19,1.9
2026-09-14,Chabahil-Koteshwor,V004,10,38,7,25,2.5
2026-09-14,Sudhara-Kalanki,V003,10,37,11,29,3.3
2026-09-14,Koteshwor-Baneshwor,V003,13,25,8,24,2.4
2026-09-14,Jorpati-Ratnapark,V016,14,37,9,35,2.9
2026-09-14,Koteshwor-Baneshwor,V013,14,32,8,24,2.7
2026-09-14,Ratnapark-Bhaktapur,V011,15,54,13,41,4.3
2026-09-14,Chabahil-Koteshwor,V015,17,70,7,32,2.3
2026-09-14,Balkhu-Ratnapark,V012,17,75,6,26,1.9
2026-09-14,Jorpati-Ratnapark,V015,17,73,9,41,3.2
2026-09-14,Ratnapark-Bhaktapur,V006,20,49,13,40,4.2
2026-09-15,Balkhu-Ratnapark,V011,7,57,6,29,2.0
2026-09-15,Chabahil-Koteshwor,V019,7,71,7,40,2.3
2026-09-15,Gongabu-Koteshwor,V017,7,56,10,49,3.5
2026-09-15,Thimi-Ratnapark,V011,7,58,12,56,3.9
2026-09-15,Kirtipur-Ratnapark,V017,7,76,8,40,2.6
2026-09-15,Balkhu-Ratnapark,V010,8,61,6,31,2.1
2026-09-15,Koteshwor-Kalanki,V002,10,36,14,53,4.9
2026-09-15,Kirtipur-Ratnapark,V002,12,54,8,22,2.5
2026-09-15,Balkhu-Ratnapark,V003,13,29,6,23,2.0
2026-09-15,Gongabu-Koteshwor,V017,14,28,10,32,3.5
2026-09-15,Ratnapark-Bhaktapur,V010,15,39,13,34,4.3
2026-09-15,Ratnapark-Bhaktapur,V020,16,42,13,40,4.2
2026-09-15,Lagankhel-Ratnapark,V014,18,76,6,28,2.1
2026-09-15,Ratnapark-Bhaktapur,V017,18,78,13,54,3.9
2026-09-15,Chabahil-Koteshwor,V020,19,65,7,40,2.4
2026-09-15,Balkhu-Ratnapark,V010,20,43,6,22,2.0
2026-09-15,Kalanki-Ratnapark,V008,20,27,9,34,3.1
2026-09-16,Balkhu-Ratnapark,V020,7,67,6,33,1.9
2026-09-16,Sudhara-Kalanki,V014,7,64,11,59,3.4
2026-09-16,Kalanki-Ratnapark,V018,8,80,9,39,3.2
2026-09-16,Ratnapark-Bhaktapur,V001,8,59,13,61,4.5
2026-09-16,Balkhu-Ratnapark,V008,10,23,6,19,1.8
2026-09-16,Koteshwor-Baneshwor,V009,12,50,8,29,2.6
2026-09-16,Chabahil-Koteshwor,V013,13,44,7,17,2.4
2026-09-16,Gongabu-Koteshwor,V020,14,50,10,29,3.3
2026-09-16,Kalanki-Ratnapark,V012,17,73,9,36,2.9
2026-09-16,Sudhara-Kalanki,V004,17,71,11,46,3.5
2026-09-16,Kalanki-Ratnapark,V014,17,74,9,44,2.8
2026-09-16,Kirtipur-Ratnapark,V020,18,60,8,35,2.4
2026-09-16,Ratnapark-Bhaktapur,V011,18,59,13,77,4.7
2026-09-16,Gongabu-Koteshwor,V005,18,70,10,49,3.0
2026-09-16,Jorpati-Ratnapark,V005,19,56,9,41,3.2
2026-09-16,Kalanki-Ratnapark,V015,19,55,9,45,2.9
2026-09-16,Balkhu-Ratnapark,V008,20,36,6,16,2.0
2026-09-17,Chabahil-Koteshwor,V014,6,40,7,24,2.2
2026-09-17,Thimi-Ratnapark,V002,7,75,12,60,4.0
2026-09-17,Lagankhel-Ratnapark,V012,8,55,6,31,1.8
2026-09-17,Balkhu-Ratnapark,V018,9,75,6,33,2.1
2026-09-17,Gongabu-Koteshwor,V002,9,56,10,43,3.5
2026-09-17,Thimi-Ratnapark,V007,9,79,12,70,4.1
2026-09-17,Koteshwor-Baneshwor,V018,9,58,8,46,2.7
2026-09-17,Balkhu-Ratnapark,V010,13,52,6,18,1.8
2026-09-17,Thimi-Ratnapark,V003,14,41,12,46,3.9
2026-09-17,Sudhara-Kalanki,V017,15,42,11,28,3.2
2026-09-17,Gongabu-Koteshwor,V016,16,26,10,38,3.4
2026-09-17,Chabahil-Koteshwor,V015,16,45,7,25,2.2
2026-09-17,Gongabu-Koteshwor,V002,17,66,10,46,3.2
2026-09-17,Kalanki-Ratnapark,V004,18,78,9,39,2.7
2026-09-17,Chabahil-Koteshwor,V004,18,68,7,29,2.4
2026-09-17,Sudhara-Kalanki,V009,18,78,11,54,3.6
2026-09-17,Lagankhel-Ratnapark,V011,20,49,6,16,1.9
2026-09-18,Lagankhel-Ratnapark,V019,6,27,6,17,2.1
2026-09-18,Gongabu-Koteshwor,V002,7,62,10,43,3.2
2026-09-18,Kalanki-Ratnapark,V004,7,57,9,44,3.2
2026-09-18,Gongabu-Koteshwor,V018,7,57,10,58,3.3
2026-09-18,Balkhu-Ratnapark,V009,8,58,6,36,1.9
2026-09-18,Sudhara-Kalanki,V019,8,59,11,54,3.9
2026-09-18,Sudhara-Kalanki,V018,9,64,11,46,3.7
2026-09-18,Balkhu-Ratnapark,V003,12,51,6,20,2.1
2026-09-18,Kirtipur-Ratnapark,V016,14,44,8,21,2.4
2026-09-18,Koteshwor-Kalanki,V004,14,37,14,50,4.4
2026-09-18,Balkhu-Ratnapark,V015,18,73,6,34,1.9
2026-09-18,Gongabu-Koteshwor,V003,18,65,10,45,3.4
2026-09-18,Kirtipur-Ratnapark,V006,18,71,8,43,2.9
2026-09-18,Koteshwor-Baneshwor,V008,18,55,8,41,2.7
2026-09-18,Sudhara-Kalanki,V013,19,58,11,58,3.5
2026-09-18,Kirtipur-Ratnapark,V006,20,27,8,20,2.6
2026-09-18,Gongabu-Koteshwor,V007,20,36,10,27,3.5
2026-09-19,Jorpati-Ratnapark,V018,7,52,9,45,3.2
2026-09-19,Balkhu-Ratnapark,V013,7,46,6,26,1.8
2026-09-19,Kalanki-Ratnapark,V015,7,48,9,44,2.7
2026-09-19,Kirtipur-Ratnapark,V002,8,47,8,35,2.5
2026-09-19,Kirtipur-Ratnapark,V008,9,49,8,30,2.8
2026-09-19,Jorpati-Ratnapark,V005,9,53,9,42,3.2
2026-09-19,Gongabu-Koteshwor,V017,12,25,10,27,3.0
2026-09-19,Lagankhel-Ratnapark,V017,12,23,6,19,1.9
2026-09-19,Koteshwor-Kalanki,V010,13,33,14,43,4.1
2026-09-19,Chabahil-Koteshwor,V007,16,37,7,22,2.3
2026-09-19,Koteshwor-Baneshwor,V006,17,54,8,30,2.5
2026-09-19,Jorpati-Ratnapark,V009,17,55,9,38,3.0
2026-09-19,Jorpati-Ratnapark,V002,18,38,9,47,3.2
2026-09-19,Gongabu-Koteshwor,V008,18,53,10,45,3.3
2026-09-19,Koteshwor-Kalanki,V016,19,50,14,67,5.0
2026-09-19,Chabahil-Koteshwor,V013,19,47,7,34,2.5
2026-09-19,Koteshwor-Baneshwor,V011,19,54,8,38,2.8
2026-09-20,Lagankhel-Ratnapark,V017,6,20,6,22,1.9
2026-09-20,Ratnapark-Bhaktapur,V014,7,63,13,57,4.5
2026-09-20,Jorpati-Ratnapark,V020,7,58,9,45,3.1
2026-09-20,Jorpati-Ratnapark,V019,8,56,9,42,2.8
2026-09-20,Balkhu-Ratnapark,V002,10,54,6,17,1.9
2026-09-20,Chabahil-Koteshwor,V003,10,46,7,19,2.2
2026-09-20,Balkhu-Ratnapark,V006,10,37,6,17,1.9
2026-09-20,Lagankhel-Ratnapark,V005,10,31,6,19,2.0
2026-09-20,Gongabu-Koteshwor,V017,12,50,10,37,3.5
2026-09-20,Sudhara-Kalanki,V018,13,54,11,37,3.8
2026-09-20,Thimi-Ratnapark,V016,14,38,12,29,3.8
2026-09-20,Kirtipur-Ratnapark,V001,16,34,8,19,2.7
2026-09-20,Balkhu-Ratnapark,V011,17,68,6,28,2.1
2026-09-20,Gongabu-Koteshwor,V002,17,71,10,54,3.2
2026-09-20,Thimi-Ratnapark,V020,18,67,12,67,4.1
2026-09-20,Balkhu-Ratnapark,V018,19,79,6,34,2.0
2026-09-20,Koteshwor-Kalanki,V019,19,58,14,77,4.6
2026-09-21,Kirtipur-Ratnapark,V009,9,73,8,36,2.6
2026-09-21,Kirtipur-Ratnapark,V003,9,69,8,36,2.7
2026-09-21,Chabahil-Koteshwor,V011,9,56,7,29,2.1
2026-09-21,Balkhu-Ratnapark,V010,12,52,6,18,2.1
2026-09-21,Koteshwor-Baneshwor,V017,12,30,8,21,2.5
2026-09-21,Sudhara-Kalanki,V011,14,34,11,31,3.3
2026-09-21,Jorpati-Ratnapark,V008,14,20,9,22,2.7
2026-09-21,Kalanki-Ratnapark,V009,15,32,9,22,3.1
2026-09-21,Koteshwor-Baneshwor,V004,16,55,8,28,2.4
2026-09-21,Chabahil-Koteshwor,V007,17,70,7,36,2.3
2026-09-21,Sudhara-Kalanki,V008,17,56,11,63,3.5
2026-09-21,Gongabu-Koteshwor,V004,17,59,10,60,3.4
2026-09-21,Koteshwor-Baneshwor,V014,17,70,8,39,2.5
2026-09-21,Kalanki-Ratnapark,V007,18,63,9,37,3.0
2026-09-21,Kirtipur-Ratnapark,V010,19,55,8,42,2.7
2026-09-21,Lagankhel-Ratnapark,V012,20,27,6,20,1.9
2026-09-21,Koteshwor-Baneshwor,V002,20,43,8,21,2.4
2026-09-22,Jorpati-Ratnapark,V004,7,72,9,37,2.8
2026-09-22,Sudhara-Kalanki,V005,8,71,11,54,3.7
2026-09-22,Koteshwor-Baneshwor,V016,9,62,8,48,2.6
2026-09-22,Koteshwor-Kalanki,V014,9,57,14,66,4.2
2026-09-22,Thimi-Ratnapark,V010,10,32,12,42,3.6
2026-09-22,Chabahil-Koteshwor,V001,10,18,7,19,2.3
2026-09-22,Koteshwor-Baneshwor,V017,11,54,8,31,2.6
2026-09-22,Lagankhel-Ratnapark,V014,13,23,6,19,1.8
2026-09-22,Kirtipur-Ratnapark,V019,13,50,8,25,2.4
2026-09-22,Jorpati-Ratnapark,V003,14,51,9,25,2.7
2026-09-22,Kirtipur-Ratnapark,V015,17,77,8,44,2.8
2026-09-22,Chabahil-Koteshwor,V019,17,61,7,39,2.5
2026-09-22,Chabahil-Koteshwor,V012,17,56,7,31,2.3
2026-09-22,Koteshwor-Baneshwor,V013,17,77,8,35,2.7
2026-09-22,Koteshwor-Baneshwor,V015,18,74,8,40,2.7
2026-09-22,Gongabu-Koteshwor,V018,18,61,10,43,3.4
2026-09-22,Gongabu-Koteshwor,V009,20,37,10,29,3.3
2026-09-23,Ratnapark-Bhaktapur,V016,6,44,13,46,3.9
2026-09-23,Lagankhel-Ratnapark,V013,7,76,6,25,1.8
2026-09-23,Balkhu-Ratnapark,V004,8,72,6,30,1.8
2026-09-23,Chabahil-Koteshwor,V013,8,72,7,34,2.5
2026-09-23,Kalanki-Ratnapark,V019,9,74,9,39,3.1
2026-09-23,Thimi-Ratnapark,V014,10,42,12,37,4.2
2026-09-23,Lagankhel-Ratnapark,V018,10,32,6,21,1.9
2026-09-23,Jorpati-Ratnapark,V002,11,21,9,31,2.7
2026-09-23,Gongabu-Koteshwor,V008,14,21,10,37,3.5
2026-09-23,Chabahil-Koteshwor,V002,15,55,7,18,2.4
2026-09-23,Thimi-Ratnapark,V014,15,21,12,29,4.2
2026-09-23,Thimi-Ratnapark,V014,16,19,12,41,3.6
2026-09-23,Kalanki-Ratnapark,V001,18,64,9,44,3.1
2026-09-23,Thimi-Ratnapark,V013,18,65,12,53,3.9
2026-09-23,Chabahil-Koteshwor,V005,18,56,7,33,2.5
2026-09-23,Chabahil-Koteshwor,V007,19,78,7,30,2.1
2026-09-23,Kalanki-Ratnapark,V010,19,76,9,43,2.9
2026-09-24,Sudhara-Kalanki,V017,7,62,11,59,3.5
2026-09-24,Koteshwor-Kalanki,V014,7,75,14,75,4.8
2026-09-24,Jorpati-Ratnapark,V018,8,61,9,38,2.9
2026-09-24,Thimi-Ratnapark,V011,8,70,12,49,4.0
2026-09-24,Gongabu-Koteshwor,V015,8,80,10,51,3.1
2026-09-24,Sudhara-Kalanki,V016,8,72,11,44,3.9
2026-09-24,Chabahil-Koteshwor,V009,9,70,7,34,2.4
2026-09-24,Koteshwor-Kalanki,V009,10,20,14,35,4.2
2026-09-24,Lagankhel-Ratnapark,V002,15,32,6,16,1.7
2026-09-24,Sudhara-Kalanki,V019,15,44,11,37,3.4
2026-09-24,Kalanki-Ratnapark,V013,15,33,9,27,3.0
2026-09-24,Gongabu-Koteshwor,V008,17,77,10,54,3.6
2026-09-24,Sudhara-Kalanki,V011,18,67,11,54,3.7
2026-09-24,Kirtipur-Ratnapark,V016,18,65,8,33,2.5
2026-09-24,Sudhara-Kalanki,V002,18,57,11,45,3.7
2026-09-24,Ratnapark-Bhaktapur,V015,19,57,13,62,4.5
2026-09-24,Koteshwor-Kalanki,V007,19,78,14,79,5.1
2026-09-25,Koteshwor-Kalanki,V006,7,68,14,64,4.5
2026-09-25,Kalanki-Ratnapark,V019,7,77,9,38,3.2
2026-09-25,Koteshwor-Baneshwor,V008,8,71,8,43,2.6
2026-09-25,Kirtipur-Ratnapark,V008,9,57,8,36,2.8
2026-09-25,Jorpati-Ratnapark,V016,9,57,9,40,2.8
2026-09-25,Lagankhel-Ratnapark,V003,10,43,6,18,1.8
2026-09-25,Koteshwor-Kalanki,V003,10,42,14,41,4.1
2026-09-25,Sudhara-Kalanki,V011,10,26,11,29,3.7
2026-09-25,Koteshwor-Kalanki,V007,13,41,14,54,4.7
2026-09-25,Koteshwor-Kalanki,V001,14,35,14,41,4.3
2026-09-25,Chabahil-Koteshwor,V006,15,54,7,18,2.2
2026-09-25,Ratnapark-Bhaktapur,V011,16,43,13,32,4.0
2026-09-25,Jorpati-Ratnapark,V016,17,55,9,54,3.0
2026-09-25,Sudhara-Kalanki,V019,17,60,11,45,3.5
2026-09-25,Sudhara-Kalanki,V014,18,60,11,63,3.4
2026-09-25,Ratnapark-Bhaktapur,V017,18,66,13,76,4.3
2026-09-25,Ratnapark-Bhaktapur,V017,19,62,13,71,4.6
2026-09-26,Balkhu-Ratnapark,V018,7,51,6,24,2.1
2026-09-26,Chabahil-Koteshwor,V016,7,42,7,31,2.3
2026-09-26,Thimi-Ratnapark,V020,7,45,12,50,4.1
2026-09-26,Lagankhel-Ratnapark,V012,7,51,6,30,2.2
2026-09-26,Lagankhel-Ratnapark,V014,8,51,6,25,1.8
2026-09-26,Gongabu-Koteshwor,V011,8,46,10,37,3.1
2026-09-26,Chabahil-Koteshwor,V015,9,44,7,36,2.1
2026-09-26,Gongabu-Koteshwor,V003,9,43,10,40,3.3
2026-09-26,Balkhu-Ratnapark,V020,10,27,6,17,1.9
2026-09-26,Koteshwor-Kalanki,V010,11,16,14,34,4.5
2026-09-26,Jorpati-Ratnapark,V007,12,18,9,27,3.1
2026-09-26,Kalanki-Ratnapark,V019,14,29,9,29,2.8
2026-09-26,Lagankhel-Ratnapark,V015,15,35,6,17,1.8
2026-09-26,Lagankhel-Ratnapark,V005,17,45,6,28,1.8
2026-09-26,Thimi-Ratnapark,V009,18,48,12,53,3.8
2026-09-26,Jorpati-Ratnapark,V010,18,53,9,47,2.9
2026-09-26,Kirtipur-Ratnapark,V016,20,23,8,24,2.5
2026-09-27,Koteshwor-Baneshwor,V018,6,47,8,20,2.4
2026-09-27,Thimi-Ratnapark,V020,6,43,12,29,3.7
2026-09-27,Lagankhel-Ratnapark,V004,6,34,6,21,2.0
2026-09-27,Jorpati-Ratnapark,V003,7,62,9,41,2.9
2026-09-27,Balkhu-Ratnapark,V016,7,78,6,27,1.9
2026-09-27,Koteshwor-Baneshwor,V010,8,76,8,45,2.6
2026-09-27,Koteshwor-Baneshwor,V012,9,69,8,34,2.6
2026-09-27,Ratnapark-Bhaktapur,V010,11,23,13,48,4.6
2026-09-27,Lagankhel-Ratnapark,V003,12,48,6,17,1.9
2026-09-27,Kirtipur-Ratnapark,V014,14,41,8,22,2.7
2026-09-27,Koteshwor-Baneshwor,V011,15,47,8,28,2.5
2026-09-27,Sudhara-Kalanki,V019,17,62,11,54,3.6
2026-09-27,Thimi-Ratnapark,V019,17,59,12,61,3.6
2026-09-27,Koteshwor-Baneshwor,V006,17,68,8,40,2.8
2026-09-27,Chabahil-Koteshwor,V003,18,80,7,30,2.4
2026-09-27,Chabahil-Koteshwor,V002,18,58,7,42,2.3
2026-09-27,Ratnapark-Bhaktapur,V006,19,78,13,70,4.1
2026-09-28,Jorpati-Ratnapark,V019,7,59,9,47,2.8
2026-09-28,Gongabu-Koteshwor,V020,7,66,10,41,3.3
2026-09-28,Gongabu-Koteshwor,V020,8,76,10,44,3.2
2026-09-28,Gongabu-Koteshwor,V004,9,70,10,47,3.4
2026-09-28,Koteshwor-Kalanki,V008,9,63,14,76,4.5
2026-09-28,Jorpati-Ratnapark,V004,9,72,9,38,2.9
2026-09-28,Ratnapark-Bhaktapur,V006,10,27,13,39,4.1
2026-09-28,Koteshwor-Baneshwor,V019,10,29,8,24,2.6
2026-09-28,Koteshwor-Kalanki,V015,14,45,14,52,4.8
2026-09-28,Chabahil-Koteshwor,V003,15,52,7,25,2.2
2026-09-28,Thimi-Ratnapark,V006,15,49,12,40,3.7
2026-09-28,Kalanki-Ratnapark,V015,16,42,9,36,2.8
2026-09-28,Jorpati-Ratnapark,V013,16,55,9,33,2.8
2026-09-28,Gongabu-Koteshwor,V014,17,69,10,48,3.0
2026-09-28,Gongabu-Koteshwor,V019,18,79,10,48,3.3
2026-09-28,Kalanki-Ratnapark,V010,19,56,9,44,2.9
2026-09-28,Kalanki-Ratnapark,V013,20,50,9,25,2.8
2026-09-29,Lagankhel-Ratnapark,V015,7,80,6,25,1.8
2026-09-29,Koteshwor-Kalanki,V002,7,80,14,59,4.2
2026-09-29,Koteshwor-Baneshwor,V010,8,63,8,46,2.6
2026-09-29,Chabahil-Koteshwor,V019,9,71,7,28,2.4
2026-09-29,Koteshwor-Baneshwor,V015,12,45,8,28,2.7
2026-09-29,Kalanki-Ratnapark,V013,13,54,9,25,3.0
2026-09-29,Lagankhel-Ratnapark,V007,13,38,6,15,1.9
2026-09-29,Jorpati-Ratnapark,V005,15,49,9,24,3.1
2026-09-29,Sudhara-Kalanki,V009,16,28,11,36,3.7
2026-09-29,Kirtipur-Ratnapark,V019,17,77,8,37,2.6
2026-09-29,Thimi-Ratnapark,V005,17,59,12,64,4.1
2026-09-29,Sudhara-Kalanki,V009,17,66,11,54,3.6
2026-09-29,Jorpati-Ratnapark,V005,18,61,9,38,3.0
2026-09-29,Ratnapark-Bhaktapur,V015,19,58,13,56,4.0
2026-09-29,Jorpati-Ratnapark,V001,19,78,9,52,3.3
2026-09-29,Thimi-Ratnapark,V012,19,80,12,57,3.7
2026-09-29,Ratnapark-Bhaktapur,V005,20,44,13,32,4.5
2026-09-30,Gongabu-Koteshwor,V003,7,62,10,48,3.3
2026-09-30,Kalanki-Ratnapark,V013,7,80,9,51,2.9
2026-09-30,Chabahil-Koteshwor,V005,10,26,7,20,2.3
2026-09-30,Chabahil-Koteshwor,V008,11,23,7,19,2.0
2026-09-30,Ratnapark-Bhaktapur,V017,15,28,13,40,4.4
2026-09-30,Ratnapark-Bhaktapur,V012,17,75,13,72,4.2
2026-09-30,Koteshwor-Kalanki,V011,18,68,14,62,4.6
